{
    "objects": [
        {
            "object": 2000,
            "max_weight": 100
        },
        {
            "object": 2020,
            "max_weight": 100,
            "sumoc": true
        },
        {
            "object": 2040,
            "max_weight": 100,
            "sumoc": true,
            "sumnp": true
        },
        {
            "object": 15010,
            "max_weight": 500
        },
        {
            "object": 15020,
            "max_weight": 500,
            "sumoc": true
        },
        {
            "object": 15040,
            "max_weight": 500,
            "sumoc": true,
            "sumnp": true
        },
        {
            "object": 6000
        },
        {
            "object": 6010
        },
        {
            "object": 8010,
            "max_weight": 7000
        },
        {
            "object": 3000,
            "min_weight": 100,
            "max_weight": 5000
        },
        {
            "object": 3010,
            "min_weight": 100,
            "max_weight": 5000
        },
        {
            "object": 3020,
            "max_weight": 5000,
            "sumoc": true
        },
        {
            "object": 3040,
            "max_weight": 5000,
            "sumoc": true,
            "sumnp": true
        },
        {
            "object": 16010,
            "max_weight": 2000
        },
        {
            "object": 16020,
            "max_weight": 2500,
            "sumoc": true
        },
        {
            "object": 16040,
            "max_weight": 2500,
            "sumoc": true,
            "sumnp": true
        },
        {
            "object": 303000,
            "max_weight": 100
        },
        {
            "object": 303010,
            "max_weight": 100
        },
        {
            "object": 303011,
            "country-to": true
        },
        {
            "object": 4030,
            "max_weight": 20000
        },
        {
            "object": 4020,
            "max_weight": 20000,
            "sumoc": true
        },
        {
            "object": 4040,
            "max_weight": 20000,
            "sumoc": true,
            "sumnp": true
        },
        {
            "object": 47030,
            "max_weight": 20000
        },
        {
            "object": 47020,
            "max_weight": 20000,
            "sumoc": true
        },
        {
            "object": 47040,
            "max_weight": 20000,
            "sumoc": true,
            "sumnp": true
        },
        {
            "object": 23030,
            "max_weight": 20000
        },
        {
            "object": 23020,
            "max_weight": 20000,
            "sumoc": true
        },
        {
            "object": 23040,
            "max_weight": 20000,
            "sumoc": true,
            "sumnp": true
        },
        {
            "object": 51030,
            "max_weight": 20000
        },
        {
            "object": 51020,
            "max_weight": 20000,
            "sumoc": true
        },
        {
            "object": 24030,
            "max_weight": 31500
        },
        {
            "object": 24020,
            "max_weight": 31500,
            "sumoc": true
        },
        {
            "object": 24040,
            "max_weight": 31500,
            "sumoc": true,
            "sumnp": true
        },
        {
            "object": 30030,
            "max_weight": 31500
        },
        {
            "object": 30020,
            "max_weight": 31500,
            "sumoc": true
        },
        {
            "object": 31030,
            "max_weight": 31500
        },
        {
            "object": 31020,
            "max_weight": 31500,
            "sumoc": true
        },
        {
            "object": 40000,
            "min_weight": 1000,
            "max_weight": 500000000
        },
        {
            "object": 54020,
            "max_weight": 500000,
            "sumoc": true
        },
        {
            "object": 54060,
            "max_weight": 500000,
            "sumoc": true,
            "sumnp": true
        },
        {
            "object": 7030,
            "max_weight": 31500
        },
        {
            "object": 7020,
            "max_weight": 31500,
            "sumoc": true
        },
        {
            "object": 7040,
            "max_weight": 31500,
            "sumoc": true,
            "sumnp": true
        },
        {
            "object": 7000
        },
        {
            "object": 41030,
            "max_weight": 500000
        },
        {
            "object": 41020,
            "max_weight": 500000,
            "sumoc": true
        },
        {
            "object": 41040
        },
        {
            "object": 52030,
            "max_weight": 31500
        },
        {
            "object": 52020,
            "max_weight": 31500,
            "sumoc": true
        },
        {
            "object": 2001,
            "max_weight": 2000,
            "country-to": true
        },
        {
            "object": 2011,
            "max_weight": 2000,
            "country-to": true
        },
        {
            "object": 2021,
            "max_weight": 2000,
            "country-to": true,
            "sumoc": true
        },
        {
            "object": 2041,
            "country-to": true,
            "sumoc": true,
            "sumnp": true
        },
        {
            "object": 6001,
            "country-to": true
        },
        {
            "object": 6011,
            "country-to": true
        },
        {
            "object": 8011,
            "max_weight": 7000,
            "country-to": true
        },
        {
            "object": 3001,
            "max_weight": 5000,
            "country-to": true
        },
        {
            "object": 3011,
            "max_weight": 5000,
            "country-to": true
        },
        {
            "object": 4031,
            "country-to": true
        },
        {
            "object": 4021,
            "country-to": true,
            "sumoc": true
        },
        {
            "object": 4041,
            "country-to": true,
            "sumoc": true,
            "sumnp": true
        },
        {
            "object": 7031,
            "country-to": true
        },
        {
            "object": 5001,
            "country-to": true
        },
        {
            "object": 5011,
            "country-to": true
        },
        {
            "object": 9001,
            "max_weight": 14500,
            "country-to": true
        },
        {
            "object": 9011,
            "max_weight": 14500,
            "country-to": true
        }
    ]
}