[
    {
        "code": 36,
        "name": "АВСТРАЛИЯ",
        "fullname": "АВСТРАЛИЯ",
        "alpha2": "AU",
        "alpha3": "AUS"
    },
    {
        "code": 40,
        "name": "АВСТРИЯ",
        "fullname": "АВСТРИЙСКАЯ РЕСПУБЛИКА",
        "alpha2": "AT",
        "alpha3": "AUT"
    },
    {
        "code": 31,
        "name": "АЗЕРБАЙДЖАН",
        "fullname": "РЕСПУБЛИКА АЗЕРБАЙДЖАН",
        "alpha2": "AZ",
        "alpha3": "AZE"
    },
    {
        "code": 8,
        "name": "АЛБАНИЯ",
        "fullname": "РЕСПУБЛИКА АЛБАНИЯ",
        "alpha2": "AL",
        "alpha3": "ALB"
    },
    {
        "code": 12,
        "name": "АЛЖИР",
        "fullname": "АЛЖИРСКАЯ НАРОДНАЯ ДЕМОКРАТИЧЕСКАЯ РЕСПУБЛИКА",
        "alpha2": "DZ",
        "alpha3": "DZA"
    },
    {
        "code": 660,
        "name": "АНГИЛЬЯ",
        "fullname": "АНГИЛЬЯ",
        "alpha2": "AI",
        "alpha3": "AIA"
    },
    {
        "code": 24,
        "name": "АНГОЛА",
        "fullname": "РЕСПУБЛИКА АНГОЛА",
        "alpha2": "AO",
        "alpha3": "AGO"
    },
    {
        "code": 20,
        "name": "АНДОРРА",
        "fullname": "КНЯЖЕСТВО АНДОРРА",
        "alpha2": "AD",
        "alpha3": "AND"
    },
    {
        "code": 10,
        "name": "АНТАРКТИДА",
        "fullname": "АНТАРКТИДА",
        "alpha2": "AQ",
        "alpha3": "ATA"
    },
    {
        "code": 28,
        "name": "АНТИГУА И БАРБУДА",
        "fullname": "АНТИГУА И БАРБУДА",
        "alpha2": "AG",
        "alpha3": "ATG"
    },
    {
        "code": 32,
        "name": "АРГЕНТИНА",
        "fullname": "АРГЕНТИНСКАЯ РЕСПУБЛИКА",
        "alpha2": "AR",
        "alpha3": "ARG"
    },
    {
        "code": 51,
        "name": "АРМЕНИЯ",
        "fullname": "РЕСПУБЛИКА АРМЕНИЯ",
        "alpha2": "AM",
        "alpha3": "ARM"
    },
    {
        "code": 533,
        "name": "АРУБА",
        "fullname": "ОСТРОВ АРУБА",
        "alpha2": "AW",
        "alpha3": "ABW"
    },
    {
        "code": 4,
        "name": "АФГАНИСТАН",
        "fullname": "ПЕРЕХОДНОЕ ИСЛАМСКОЕ ГОСУДАРСТВО АФГАНИСТАН",
        "alpha2": "AF",
        "alpha3": "AFG"
    },
    {
        "code": 44,
        "name": "БАГАМЫ",
        "fullname": "СОДРУЖЕСТВО БАГАМЫ",
        "alpha2": "BS",
        "alpha3": "BHS"
    },
    {
        "code": 50,
        "name": "БАНГЛАДЕШ",
        "fullname": "НАРОДНАЯ РЕСПУБЛИКА БАНГЛАДЕШ",
        "alpha2": "BD",
        "alpha3": "BGD"
    },
    {
        "code": 52,
        "name": "БАРБАДОС",
        "fullname": "БАРБАДОС",
        "alpha2": "BB",
        "alpha3": "BRB"
    },
    {
        "code": 48,
        "name": "БАХРЕЙН",
        "fullname": "КОРОЛЕВСТВО БАХРЕЙН",
        "alpha2": "BH",
        "alpha3": "BHR"
    },
    {
        "code": 112,
        "name": "БЕЛАРУСЬ",
        "fullname": "РЕСПУБЛИКА БЕЛАРУСЬ",
        "alpha2": "BY",
        "alpha3": "BLR"
    },
    {
        "code": 84,
        "name": "БЕЛИЗ",
        "fullname": "БЕЛИЗ",
        "alpha2": "BZ",
        "alpha3": "BLZ"
    },
    {
        "code": 56,
        "name": "БЕЛЬГИЯ",
        "fullname": "КОРОЛЕВСТВО БЕЛЬГИИ",
        "alpha2": "BE",
        "alpha3": "BEL"
    },
    {
        "code": 204,
        "name": "БЕНИН",
        "fullname": "РЕСПУБЛИКА БЕНИН",
        "alpha2": "BJ",
        "alpha3": "BEN"
    },
    {
        "code": 60,
        "name": "БЕРМУДЫ",
        "fullname": "БЕРМУДСКИЕ ОСТРОВА",
        "alpha2": "BM",
        "alpha3": "BMU"
    },
    {
        "code": 100,
        "name": "БОЛГАРИЯ",
        "fullname": "РЕСПУБЛИКА БОЛГАРИЯ",
        "alpha2": "BG",
        "alpha3": "BGR"
    },
    {
        "code": 68,
        "name": "БОЛИВИЯ",
        "fullname": "РЕСПУБЛИКА БОЛИВИЯ",
        "alpha2": "BO",
        "alpha3": "BOL"
    },
    {
        "code": 70,
        "name": "БОСНИЯ И ГЕРЦЕГОВИНА",
        "fullname": "БОСНИЯ И ГЕРЦЕГОВИНА",
        "alpha2": "BA",
        "alpha3": "BIH"
    },
    {
        "code": 72,
        "name": "БОТСВАНА",
        "fullname": "РЕСПУБЛИКА БОТСВАНА",
        "alpha2": "BW",
        "alpha3": "BWA"
    },
    {
        "code": 76,
        "name": "БРАЗИЛИЯ",
        "fullname": "ФЕДЕРАТИВНАЯ РЕСПУБЛИКА БРАЗИЛИЯ",
        "alpha2": "BR",
        "alpha3": "BRA"
    },
    {
        "code": 86,
        "name": "БРИТАН. ТЕРРИТ.",
        "fullname": "БРИТАНСКАЯ ТЕРРИТОРИЯ В ИНДИЙСКОМ ОКЕАНЕ (БРИТ.)",
        "alpha2": "IO",
        "alpha3": "IOT"
    },
    {
        "code": 96,
        "name": "БРУНЕЙ",
        "fullname": "БРУНЕЙ-ДАРУССАЛАМ",
        "alpha2": "BN",
        "alpha3": "BRN"
    },
    {
        "code": 74,
        "name": "БУВЕ",
        "fullname": "ОСТРОВ БУВЕ",
        "alpha2": "BV",
        "alpha3": "BVT"
    },
    {
        "code": 854,
        "name": "БУРКИНА-ФАСО",
        "fullname": "БУРКИНА-ФАСО",
        "alpha2": "BF",
        "alpha3": "BFA"
    },
    {
        "code": 108,
        "name": "БУРУНДИ",
        "fullname": "РЕСПУБЛИКА БУРУНДИ",
        "alpha2": "BI",
        "alpha3": "BDI"
    },
    {
        "code": 64,
        "name": "БУТАН",
        "fullname": "КОРОЛЕВСТВО БУТАН",
        "alpha2": "BT",
        "alpha3": "BTN"
    },
    {
        "code": 548,
        "name": "ВАНУАТУ",
        "fullname": "РЕСПУБЛИКА ВАНУАТУ",
        "alpha2": "VU",
        "alpha3": "VUT"
    },
    {
        "code": 336,
        "name": "ВАТИКАН",
        "fullname": "ПАПСКИЙ ПРЕСТОЛ (ГОСУДАРСТВО-ГОРОД ВАТИКАН)",
        "alpha2": "VA",
        "alpha3": "VAT"
    },
    {
        "code": 348,
        "name": "ВЕНГРИЯ",
        "fullname": "ВЕНГЕРСКАЯ РЕСПУБЛИКА",
        "alpha2": "HU",
        "alpha3": "HUN"
    },
    {
        "code": 862,
        "name": "ВЕНЕСУЭЛА",
        "fullname": "БОЛИВАРИЙСКАЯ РЕСПУБЛИКА ВЕНЕСУЭЛА",
        "alpha2": "VE",
        "alpha3": "VEN"
    },
    {
        "code": 850,
        "name": "ВИРГИН. О-ВА",
        "fullname": "ВИРГИНСКИЕ ОСТРОВА (США)",
        "alpha2": "VI",
        "alpha3": "VIR"
    },
    {
        "code": 92,
        "name": "ВИРГИН. О-ВА, БРИТАНСКИЕ",
        "fullname": "БРИТАНСКИЕ ВИРГИНСКИЕ ОСТРОВА",
        "alpha2": "VG",
        "alpha3": "VGB"
    },
    {
        "code": 16,
        "name": "ВОСТОЧНОЕ САМОА",
        "fullname": "АМЕРИКАНСКОЕ САМОА (США)",
        "alpha2": "AS",
        "alpha3": "ASM"
    },
    {
        "code": 704,
        "name": "ВЬЕТНАМ",
        "fullname": "СОЦИАЛИСТИЧЕСКАЯ РЕСПУБЛИКА ВЬЕТНАМ",
        "alpha2": "VN",
        "alpha3": "VNM"
    },
    {
        "code": 266,
        "name": "ГАБОН",
        "fullname": "ГАБОНСКАЯ РЕСПУБЛИКА",
        "alpha2": "GA",
        "alpha3": "GAB"
    },
    {
        "code": 332,
        "name": "ГАИТИ",
        "fullname": "РЕСПУБЛИКА ГАИТИ",
        "alpha2": "HT",
        "alpha3": "HTI"
    },
    {
        "code": 328,
        "name": "ГАЙАНА",
        "fullname": "РЕСПУБЛИКА ГАЙАНА",
        "alpha2": "GY",
        "alpha3": "GUY"
    },
    {
        "code": 270,
        "name": "ГАМБИЯ",
        "fullname": "РЕСПУБЛИКА ГАМБИЯ",
        "alpha2": "GM",
        "alpha3": "GMB"
    },
    {
        "code": 288,
        "name": "ГАНА",
        "fullname": "РЕСПУБЛИКА ГАНА",
        "alpha2": "GH",
        "alpha3": "GHA"
    },
    {
        "code": 312,
        "name": "ГВАДЕЛУПА",
        "fullname": "ГВАДЕЛУПА (ФР.)",
        "alpha2": "GP",
        "alpha3": "GLP"
    },
    {
        "code": 320,
        "name": "ГВАТЕМАЛА",
        "fullname": "РЕСПУБЛИКА ГВАТЕМАЛА",
        "alpha2": "GT",
        "alpha3": "GTM"
    },
    {
        "code": 254,
        "name": "ГВИАНА",
        "fullname": "ФРАНЦУЗСКАЯ ГВИАНА (ФР.)",
        "alpha2": "GF",
        "alpha3": "GUF"
    },
    {
        "code": 324,
        "name": "ГВИНЕЯ",
        "fullname": "ГВИНЕЙСКАЯ РЕСПУБЛИКА",
        "alpha2": "GN",
        "alpha3": "GIN"
    },
    {
        "code": 624,
        "name": "ГВИНЕЯ-БИСАУ",
        "fullname": "РЕСПУБЛИКА ГВИНЕЯ-БИСАУ",
        "alpha2": "GW",
        "alpha3": "GNB"
    },
    {
        "code": 276,
        "name": "ГЕРМАНИЯ",
        "fullname": "ФЕДЕРАТИВНАЯ РЕСПУБЛИКА ГЕРМАНИЯ",
        "alpha2": "DE",
        "alpha3": "DEU"
    },
    {
        "code": 831,
        "name": "ГЕРНСИ",
        "fullname": "ГЕРНСИ",
        "alpha2": "GG",
        "alpha3": "GGY"
    },
    {
        "code": 292,
        "name": "ГИБРАЛТАР",
        "fullname": "ГИБРАЛТАР (БРИТ.)",
        "alpha2": "GI",
        "alpha3": "GIB"
    },
    {
        "code": 340,
        "name": "ГОНДУРАС",
        "fullname": "РЕСПУБЛИКА ГОНДУРАС",
        "alpha2": "HN",
        "alpha3": "HND"
    },
    {
        "code": 344,
        "name": "ГОНКОНГ",
        "fullname": "СПЕЦИАЛЬНЫЙ АДМИНИСТРАТИВНЫЙ РЕГИОН КИТАЯ ГОНКОНГ",
        "alpha2": "HK",
        "alpha3": "HKG"
    },
    {
        "code": 308,
        "name": "ГРЕНАДА",
        "fullname": "ГРЕНАДА",
        "alpha2": "GD",
        "alpha3": "GRD"
    },
    {
        "code": 304,
        "name": "ГРЕНЛАНДИЯ",
        "fullname": "ГРЕНЛАНДИЯ",
        "alpha2": "GL",
        "alpha3": "GRL"
    },
    {
        "code": 300,
        "name": "ГРЕЦИЯ",
        "fullname": "ГРЕЧЕСКАЯ РЕСПУБЛИКА",
        "alpha2": "GR",
        "alpha3": "GRC"
    },
    {
        "code": 268,
        "name": "ГРУЗИЯ",
        "fullname": "РЕСПУБЛИКА ГРУЗИЯ",
        "alpha2": "GE",
        "alpha3": "GEO"
    },
    {
        "code": 316,
        "name": "ГУАМ",
        "fullname": "ГУАМ (США)",
        "alpha2": "GU",
        "alpha3": "GUM"
    },
    {
        "code": 208,
        "name": "ДАНИЯ",
        "fullname": "КОРОЛЕВСТВО ДАНИЯ",
        "alpha2": "DK",
        "alpha3": "DNK"
    },
    {
        "code": 832,
        "name": "ДЖЕРСИ",
        "fullname": "ДЖЕРСИ",
        "alpha2": "JE",
        "alpha3": "JEY"
    },
    {
        "code": 262,
        "name": "ДЖИБУТИ",
        "fullname": "РЕСПУБЛИКА ДЖИБУТИ",
        "alpha2": "DJ",
        "alpha3": "DJI"
    },
    {
        "code": 212,
        "name": "ДОМИНИКА",
        "fullname": "СОДРУЖЕСТВО ДОМИНИКИ",
        "alpha2": "DM",
        "alpha3": "DMA"
    },
    {
        "code": 214,
        "name": "ДОМИНИКАНСКАЯ РЕСПУБЛИКА",
        "fullname": "ДОМИНИКАНСКАЯ РЕСПУБЛИКА",
        "alpha2": "DO",
        "alpha3": "DOM"
    },
    {
        "code": 818,
        "name": "ЕГИПЕТ",
        "fullname": "АРАБСКАЯ РЕСПУБЛИКА ЕГИПЕТ (АРЕ)",
        "alpha2": "EG",
        "alpha3": "EGY"
    },
    {
        "code": 894,
        "name": "ЗАМБИЯ",
        "fullname": "РЕСПУБЛИКА ЗАМБИЯ",
        "alpha2": "ZM",
        "alpha3": "ZMB"
    },
    {
        "code": 732,
        "name": "ЗАПАДНАЯ САХАРА",
        "fullname": "ЗАПАДНАЯ САХАРА",
        "alpha2": "EH",
        "alpha3": "ESH"
    },
    {
        "code": 716,
        "name": "ЗИМБАБВЕ",
        "fullname": "РЕСПУБЛИКА ЗИМБАБВЕ",
        "alpha2": "ZW",
        "alpha3": "ZWE"
    },
    {
        "code": 376,
        "name": "ИЗРАИЛЬ",
        "fullname": "ГОСУДАРСТВО ИЗРАИЛЬ",
        "alpha2": "IL",
        "alpha3": "ISR"
    },
    {
        "code": 356,
        "name": "ИНДИЯ",
        "fullname": "РЕСПУБЛИКА ИНДИЯ",
        "alpha2": "IN",
        "alpha3": "IND"
    },
    {
        "code": 360,
        "name": "ИНДОНЕЗИЯ",
        "fullname": "РЕСПУБЛИКА ИНДОНЕЗИЯ",
        "alpha2": "ID",
        "alpha3": "IDN"
    },
    {
        "code": 400,
        "name": "ИОРДАНИЯ",
        "fullname": "ИОРДАНСКОЕ ХАШИМИТСКОЕ КОРОЛЕВСТВО",
        "alpha2": "JO",
        "alpha3": "JOR"
    },
    {
        "code": 368,
        "name": "ИРАК",
        "fullname": "РЕСПУБЛИКА ИРАК",
        "alpha2": "IQ",
        "alpha3": "IRQ"
    },
    {
        "code": 364,
        "name": "ИРАН",
        "fullname": "ИСЛАМСКАЯ РЕСПУБЛИКА ИРАН",
        "alpha2": "IR",
        "alpha3": "IRN"
    },
    {
        "code": 372,
        "name": "ИРЛАНДИЯ",
        "fullname": "ИРЛАНДИЯ",
        "alpha2": "IE",
        "alpha3": "IRL"
    },
    {
        "code": 352,
        "name": "ИСЛАНДИЯ",
        "fullname": "РЕСПУБЛИКА ИСЛАНДИЯ",
        "alpha2": "IS",
        "alpha3": "ISL"
    },
    {
        "code": 724,
        "name": "ИСПАНИЯ",
        "fullname": "КОРОЛЕВСТВО ИСПАНИЯ",
        "alpha2": "ES",
        "alpha3": "ESP"
    },
    {
        "code": 380,
        "name": "ИТАЛИЯ",
        "fullname": "ИТАЛЬЯНСКАЯ РЕСПУБЛИКА",
        "alpha2": "IT",
        "alpha3": "ITA"
    },
    {
        "code": 887,
        "name": "ЙЕМЕН",
        "fullname": "ЙЕМЕНСКАЯ РЕСПУБЛИКА",
        "alpha2": "YE",
        "alpha3": "YEM"
    },
    {
        "code": 132,
        "name": "КАБО-ВЕРДЕ",
        "fullname": "РЕСПУБЛИКА КАБО-ВЕРДЕ",
        "alpha2": "CV",
        "alpha3": "CPV"
    },
    {
        "code": 398,
        "name": "КАЗАХСТАН",
        "fullname": "РЕСПУБЛИКА КАЗАХСТАН",
        "alpha2": "KZ",
        "alpha3": "KAZ"
    },
    {
        "code": 136,
        "name": "КАЙМАН",
        "fullname": "ОСТРОВА КАЙМАН",
        "alpha2": "KY",
        "alpha3": "CYM"
    },
    {
        "code": 116,
        "name": "КАМБОДЖА",
        "fullname": "КОРОЛЕВСТВО КАМБОДЖА",
        "alpha2": "KH",
        "alpha3": "KHM"
    },
    {
        "code": 120,
        "name": "КАМЕРУН",
        "fullname": "РЕСПУБЛИКА КАМЕРУН",
        "alpha2": "CM",
        "alpha3": "CMR"
    },
    {
        "code": 124,
        "name": "КАНАДА",
        "fullname": "КАНАДА",
        "alpha2": "CA",
        "alpha3": "CAN"
    },
    {
        "code": 634,
        "name": "КАТАР",
        "fullname": "ГОСУДАРСТВО КАТАР",
        "alpha2": "QA",
        "alpha3": "QAT"
    },
    {
        "code": 404,
        "name": "КЕНИЯ",
        "fullname": "РЕСПУБЛИКА КЕНИЯ",
        "alpha2": "KE",
        "alpha3": "KEN"
    },
    {
        "code": 196,
        "name": "КИПР",
        "fullname": "РЕСПУБЛИКА КИПР",
        "alpha2": "CY",
        "alpha3": "CYP"
    },
    {
        "code": 296,
        "name": "КИРИБАТИ",
        "fullname": "РЕСПУБЛИКА КИРИБАТИ",
        "alpha2": "KI",
        "alpha3": "KIR"
    },
    {
        "code": 156,
        "name": "КИТАЙ",
        "fullname": "КИТАЙСКАЯ НАРОДНАЯ РЕСПУБЛИКА (КНР)",
        "alpha2": "CN",
        "alpha3": "CHN"
    },
    {
        "code": 166,
        "name": "КОКОСОВЫЕ О-ВА",
        "fullname": "КОКОСОВЫЕ (КИЛИНГ) ОСТРОВА",
        "alpha2": "CC",
        "alpha3": "CCK"
    },
    {
        "code": 170,
        "name": "КОЛУМБИЯ",
        "fullname": "РЕСПУБЛИКА КОЛУМБИЯ",
        "alpha2": "CO",
        "alpha3": "COL"
    },
    {
        "code": 174,
        "name": "КОМОРЫ",
        "fullname": "СОЮЗ КОМОРЫ",
        "alpha2": "KM",
        "alpha3": "COM"
    },
    {
        "code": 178,
        "name": "КОНГО",
        "fullname": "РЕСПУБЛИКА КОНГО",
        "alpha2": "CG",
        "alpha3": "COG"
    },
    {
        "code": 180,
        "name": "КОНГО",
        "fullname": "ДЕМОКРАТИЧЕСКАЯ РЕСПУБЛИКА КОНГО",
        "alpha2": "CD",
        "alpha3": "COD"
    },
    {
        "code": 410,
        "name": "КОРЕЯ",
        "fullname": "РЕСПУБЛИКА КОРЕЯ",
        "alpha2": "KR",
        "alpha3": "KOR"
    },
    {
        "code": 408,
        "name": "КОРЕЯ (КНДР)",
        "fullname": "КОРЕЙСКАЯ НАРОДНО-ДЕМОКРАТИЧЕСКАЯ РЕСПУБЛИКА",
        "alpha2": "KP",
        "alpha3": "PRK"
    },
    {
        "code": 188,
        "name": "КОСТА-РИКА",
        "fullname": "РЕСПУБЛИКА КОСТА-РИКА",
        "alpha2": "CR",
        "alpha3": "CRI"
    },
    {
        "code": 384,
        "name": "КОТ Д'ИВУАР",
        "fullname": "РЕСПУБЛИКА КОТ Д'ИВУАР",
        "alpha2": "CI",
        "alpha3": "CIV"
    },
    {
        "code": 192,
        "name": "КУБА",
        "fullname": "РЕСПУБЛИКА КУБА",
        "alpha2": "CU",
        "alpha3": "CUB"
    },
    {
        "code": 414,
        "name": "КУВЕЙТ",
        "fullname": "ГОСУДАРСТВО КУВЕЙТ",
        "alpha2": "KW",
        "alpha3": "KWT"
    },
    {
        "code": 417,
        "name": "КЫРГЫЗСТАН",
        "fullname": "РЕСПУБЛИКА КЫРГЫЗСТАН",
        "alpha2": "KG",
        "alpha3": "KGZ"
    },
    {
        "code": 418,
        "name": "ЛАОС",
        "fullname": "ЛАОССКАЯ НАРОДНО-ДЕМОКРАТИЧЕСКАЯ РЕСПУБЛИКА",
        "alpha2": "LA",
        "alpha3": "LAO"
    },
    {
        "code": 428,
        "name": "ЛАТВИЯ",
        "fullname": "ЛАТВИЙСКАЯ РЕСПУБЛИКА",
        "alpha2": "LV",
        "alpha3": "LVA"
    },
    {
        "code": 426,
        "name": "ЛЕСОТО",
        "fullname": "КОРОЛЕВСТВО ЛЕСОТО",
        "alpha2": "LS",
        "alpha3": "LSO"
    },
    {
        "code": 430,
        "name": "ЛИБЕРИЯ",
        "fullname": "РЕСПУБЛИКА ЛИБЕРИЯ",
        "alpha2": "LR",
        "alpha3": "LBR"
    },
    {
        "code": 422,
        "name": "ЛИВАН",
        "fullname": "ЛИВАНСКАЯ РЕСПУБЛИКА",
        "alpha2": "LB",
        "alpha3": "LBN"
    },
    {
        "code": 434,
        "name": "ЛИВИЯ",
        "fullname": "СОЦИАЛИСТИЧЕСКАЯ НАРОДНАЯ ЛИВИЙСКАЯ АРАБСКАЯ ДЖАМАХИРИЯ",
        "alpha2": "LY",
        "alpha3": "LBY"
    },
    {
        "code": 440,
        "name": "ЛИТВА",
        "fullname": "ЛИТОВСКАЯ РЕСПУБЛИКА",
        "alpha2": "LT",
        "alpha3": "LTU"
    },
    {
        "code": 438,
        "name": "ЛИХТЕНШТЕЙН",
        "fullname": "КНЯЖЕСТВО ЛИХТЕНШТЕЙН",
        "alpha2": "LI",
        "alpha3": "LIE"
    },
    {
        "code": 442,
        "name": "ЛЮКСЕМБУРГ",
        "fullname": "ВЕЛИКОЕ ГЕРЦОГСТВО ЛЮКСЕМБУРГ",
        "alpha2": "LU",
        "alpha3": "LUX"
    },
    {
        "code": 480,
        "name": "МАВРИКИЙ",
        "fullname": "РЕСПУБЛИКА МАВРИКИЙ",
        "alpha2": "MU",
        "alpha3": "MUS"
    },
    {
        "code": 478,
        "name": "МАВРИТАНИЯ",
        "fullname": "ИСЛАМСКАЯ РЕСПУБЛИКА МАВРИТАНИЯ",
        "alpha2": "MR",
        "alpha3": "MRT"
    },
    {
        "code": 450,
        "name": "МАДАГАСКАР",
        "fullname": "ДЕМОКРАТИЧЕСКАЯ РЕСПУБЛИКА МАДАГАСКАР",
        "alpha2": "MG",
        "alpha3": "MDG"
    },
    {
        "code": 175,
        "name": "МАЙОТТА",
        "fullname": "МАЙОТТА",
        "alpha2": "YT",
        "alpha3": "MYT"
    },
    {
        "code": 446,
        "name": "МАКАО",
        "fullname": "СПЕЦИАЛЬНЫЙ АДМИНИСТРАТИВНЫЙ РЕГИОН КИТАЯ МАКАО",
        "alpha2": "MO",
        "alpha3": "MAC"
    },
    {
        "code": 807,
        "name": "МАКЕДОНИЯ",
        "fullname": "РЕСПУБЛИКА МАКЕДОНИЯ",
        "alpha2": "MK",
        "alpha3": "MKD"
    },
    {
        "code": 454,
        "name": "МАЛАВИ",
        "fullname": "РЕСПУБЛИКА МАЛАВИ",
        "alpha2": "MW",
        "alpha3": "MWI"
    },
    {
        "code": 458,
        "name": "МАЛАЙЗИЯ",
        "fullname": "МАЛАЙЗИЯ",
        "alpha2": "MY",
        "alpha3": "MYS"
    },
    {
        "code": 466,
        "name": "МАЛИ",
        "fullname": "РЕСПУБЛИКА МАЛИ",
        "alpha2": "ML",
        "alpha3": "MLI"
    },
    {
        "code": 581,
        "name": "МАЛЫЕ ТИХООК. ОСТРОВА (США)",
        "fullname": "МАЛЫЕ ТИХООКЕАНСКИЕ ОТДАЛЕННЫЕ ОСТРОВА (США)",
        "alpha2": "UM",
        "alpha3": "UMI"
    },
    {
        "code": 462,
        "name": "МАЛЬДИВЫ",
        "fullname": "МАЛЬДИВСКАЯ РЕСПУБЛИКА",
        "alpha2": "MV",
        "alpha3": "MDV"
    },
    {
        "code": 470,
        "name": "МАЛЬТА",
        "fullname": "РЕСПУБЛИКА МАЛЬТА",
        "alpha2": "MT",
        "alpha3": "MLT"
    },
    {
        "code": 580,
        "name": "МАРИАНСКИЕ ОСТРОВА",
        "fullname": "СОДРУЖЕСТВО СЕВЕРНЫХ МАРИАНСКИХ ОСТРОВОВ",
        "alpha2": "MP",
        "alpha3": "MNP"
    },
    {
        "code": 504,
        "name": "МАРОККО",
        "fullname": "КОРОЛЕВСТВО МАРОККО",
        "alpha2": "MA",
        "alpha3": "MAR"
    },
    {
        "code": 474,
        "name": "МАРТИНИКА",
        "fullname": "МАРТИНИКА (ФР.)",
        "alpha2": "MQ",
        "alpha3": "MTQ"
    },
    {
        "code": 584,
        "name": "МАРШАЛЛОВЫ ОСТРОВА",
        "fullname": "РЕСПУБЛИКА МАРШАЛЛОВЫ ОСТРОВА",
        "alpha2": "MH",
        "alpha3": "MHL"
    },
    {
        "code": 484,
        "name": "МЕКСИКА",
        "fullname": "МЕКСИКАНСКИЕ СОЕДИНЕННЫЕ ШТАТЫ",
        "alpha2": "MX",
        "alpha3": "MEX"
    },
    {
        "code": 583,
        "name": "МИКРОНЕЗИЯ",
        "fullname": "ФЕДЕРАТИВНЫЕ ШТАТЫ МИКРОНЕЗИИ",
        "alpha2": "FM",
        "alpha3": "FSM"
    },
    {
        "code": 508,
        "name": "МОЗАМБИК",
        "fullname": "РЕСПУБЛИКА МОЗАМБИК",
        "alpha2": "MZ",
        "alpha3": "MOZ"
    },
    {
        "code": 498,
        "name": "МОЛДОВА",
        "fullname": "РЕСПУБЛИКА МОЛДОВА",
        "alpha2": "MD",
        "alpha3": "MDA"
    },
    {
        "code": 492,
        "name": "МОНАКО",
        "fullname": "КНЯЖЕСТВО МОНАКО",
        "alpha2": "MC",
        "alpha3": "MCO"
    },
    {
        "code": 496,
        "name": "МОНГОЛИЯ",
        "fullname": "МОНГОЛИЯ",
        "alpha2": "MN",
        "alpha3": "MHG"
    },
    {
        "code": 500,
        "name": "МОНТСЕРРАТ",
        "fullname": "МОНТСЕРРАТ (БРИТ.)",
        "alpha2": "MS",
        "alpha3": "MSR"
    },
    {
        "code": 104,
        "name": "МЬЯНМА",
        "fullname": "СОЮЗ МЬЯНМА",
        "alpha2": "MM",
        "alpha3": "MMR"
    },
    {
        "code": 516,
        "name": "НАМИБИЯ",
        "fullname": "РЕСПУБЛИКА НАМИБИЯ",
        "alpha2": "NA",
        "alpha3": "NAM"
    },
    {
        "code": 520,
        "name": "НАУРУ",
        "fullname": "РЕСПУБЛИКА НАУРУ",
        "alpha2": "NR",
        "alpha3": "NRU"
    },
    {
        "code": 524,
        "name": "НЕПАЛ",
        "fullname": "КОРОЛЕВСТВО НЕПАЛ",
        "alpha2": "NP",
        "alpha3": "NPL"
    },
    {
        "code": 562,
        "name": "НИГЕР",
        "fullname": "РЕСПУБЛИКА НИГЕР",
        "alpha2": "NE",
        "alpha3": "NER"
    },
    {
        "code": 566,
        "name": "НИГЕРИЯ",
        "fullname": "ФЕДЕРАТИВНАЯ РЕСПУБЛИКА НИГЕРИЯ",
        "alpha2": "NG",
        "alpha3": "NGA"
    },
    {
        "code": 530,
        "name": "НИДЕРЛАНДСКИЕ АНТИЛЫ",
        "fullname": "НИДЕРЛАНДСКИЕ АНТИЛЫ",
        "alpha2": "AN",
        "alpha3": "ANT"
    },
    {
        "code": 528,
        "name": "НИДЕРЛАНДЫ",
        "fullname": "КОРОЛЕВСТВО НИДЕРЛАНДЫ",
        "alpha2": "NL",
        "alpha3": "NLD"
    },
    {
        "code": 558,
        "name": "НИКАРАГУА",
        "fullname": "РЕСПУБЛИКА НИКАРАГУА",
        "alpha2": "NI",
        "alpha3": "NIC"
    },
    {
        "code": 570,
        "name": "НИУЭ",
        "fullname": "РЕСПУБЛИКА НИУЭ",
        "alpha2": "NU",
        "alpha3": "NIU"
    },
    {
        "code": 554,
        "name": "НОВАЯ ЗЕЛАНДИЯ",
        "fullname": "НОВАЯ ЗЕЛАНДИЯ",
        "alpha2": "NZ",
        "alpha3": "NZL"
    },
    {
        "code": 540,
        "name": "НОВАЯ КАЛЕДОНИЯ",
        "fullname": "НОВАЯ КАЛЕДОНИЯ",
        "alpha2": "NC",
        "alpha3": "NCL"
    },
    {
        "code": 578,
        "name": "НОРВЕГИЯ",
        "fullname": "КОРОЛЕВСТВО НОРВЕГИЯ",
        "alpha2": "NO",
        "alpha3": "NOR"
    },
    {
        "code": 574,
        "name": "НОРФОЛК",
        "fullname": "ОСТРОВ НОРФОЛК",
        "alpha2": "NF",
        "alpha3": "NFK"
    },
    {
        "code": 784,
        "name": "ОБЪЕД. АРАБСКИЕ ЭМИРАТЫ",
        "fullname": "ОБЪЕДИНЕННЫЕ АРАБСКИЕ ЭМИРАТЫ",
        "alpha2": "AE",
        "alpha3": "ARE"
    },
    {
        "code": 833,
        "name": "О-В МЭН",
        "fullname": "ОСТРОВ МЭН",
        "alpha2": "IM",
        "alpha3": "IMY"
    },
    {
        "code": 162,
        "name": "О-В РОЖДЕСТВА",
        "fullname": "ОСТРОВ РОЖДЕСТВА (АВСТРАЛ.)",
        "alpha2": "CX",
        "alpha3": "CXR"
    },
    {
        "code": 184,
        "name": "О-ВА КУКА",
        "fullname": "ОСТРОВА КУКА (Н. ЗЕЛ.)",
        "alpha2": "СК",
        "alpha3": "COK"
    },
    {
        "code": 512,
        "name": "ОМАН",
        "fullname": "СУЛТАНАТ ОМАН",
        "alpha2": "OM",
        "alpha3": "OMN"
    },
    {
        "code": 586,
        "name": "ПАКИСТАН",
        "fullname": "ИСЛАМСКАЯ РЕСПУБЛИКА ПАКИСТАН",
        "alpha2": "PK",
        "alpha3": "PAK"
    },
    {
        "code": 585,
        "name": "ПАЛАУ",
        "fullname": "РЕСПУБЛИКА ПАЛАУ",
        "alpha2": "PW",
        "alpha3": "PLW"
    },
    {
        "code": 275,
        "name": "ПАЛЕСТИНСКАЯ ТЕРРИТОРИЯ, ОККУПИРОВАННАЯ",
        "fullname": "ОККУПИРОВАННАЯ ПАЛЕСТИНСКАЯ ТЕРРИТОРИЯ",
        "alpha2": "PS",
        "alpha3": "PSE"
    },
    {
        "code": 591,
        "name": "ПАНАМА",
        "fullname": "РЕСПУБЛИКА ПАНАМА",
        "alpha2": "PA",
        "alpha3": "PAN"
    },
    {
        "code": 598,
        "name": "ПАПУА - НОВАЯ ГВИНЕЯ",
        "fullname": "ПАПУА - НОВАЯ ГВИНЕЯ",
        "alpha2": "PG",
        "alpha3": "PNG"
    },
    {
        "code": 600,
        "name": "ПАРАГВАЙ",
        "fullname": "РЕСПУБЛИКА ПАРАГВАЙ",
        "alpha2": "PY",
        "alpha3": "PRY"
    },
    {
        "code": 604,
        "name": "ПЕРУ",
        "fullname": "РЕСПУБЛИКА ПЕРУ",
        "alpha2": "PE",
        "alpha3": "PER"
    },
    {
        "code": 612,
        "name": "ПИТКЭРН",
        "fullname": "ПИТКЭРН (БРИТ.)",
        "alpha2": "PN",
        "alpha3": "PCN"
    },
    {
        "code": 616,
        "name": "ПОЛЬША",
        "fullname": "РЕСПУБЛИКА ПОЛЬША",
        "alpha2": "PL",
        "alpha3": "POL"
    },
    {
        "code": 620,
        "name": "ПОРТУГАЛИЯ",
        "fullname": "ПОРТУГАЛЬСКАЯ РЕСПУБЛИКА",
        "alpha2": "PT",
        "alpha3": "PRT"
    },
    {
        "code": 630,
        "name": "ПУЭРТО-РИКО",
        "fullname": "ПУЭРТО-РИКО",
        "alpha2": "PR",
        "alpha3": "PRI"
    },
    {
        "code": 638,
        "name": "РЕЮНЬОН",
        "fullname": "РЕЮНЬОН",
        "alpha2": "RE",
        "alpha3": "REU"
    },
    {
        "code": 643,
        "name": "РОССИЯ",
        "fullname": "РОССИЙСКАЯ ФЕДЕРАЦИЯ",
        "alpha2": "RU",
        "alpha3": "RUS"
    },
    {
        "code": 646,
        "name": "РУАНДА",
        "fullname": "РУАНДИЙСКАЯ РЕСПУБЛИКА",
        "alpha2": "RW",
        "alpha3": "RWA"
    },
    {
        "code": 642,
        "name": "РУМЫНИЯ",
        "fullname": "РУМЫНИЯ",
        "alpha2": "RO",
        "alpha3": "ROM"
    },
    {
        "code": 882,
        "name": "САМОА",
        "fullname": "НЕЗАВИСИМОЕ ГОСУДАРСТВО САМОА",
        "alpha2": "WS",
        "alpha3": "WSM"
    },
    {
        "code": 678,
        "name": "САН-ТОМЕ И ПРИНСИПИ",
        "fullname": "ДЕМОКРАТИЧЕСКАЯ РЕСПУБЛИКА САН-ТОМЕ И ПРИНСИПИ",
        "alpha2": "ST",
        "alpha3": "STR"
    },
    {
        "code": 674,
        "name": "САН-МАРИНО",
        "fullname": "РЕСПУБЛИКА САН-МАРИНО",
        "alpha2": "SM",
        "alpha3": "SMR"
    },
    {
        "code": 682,
        "name": "САУДОВСКАЯ АРАВИЯ",
        "fullname": "КОРОЛЕВСТВО САУДОВСКАЯ АРАВИЯ",
        "alpha2": "SA",
        "alpha3": "SAU"
    },
    {
        "code": 748,
        "name": "СВАЗИЛЕНД",
        "fullname": "КОРОЛЕВСТВО СВАЗИЛЕНД",
        "alpha2": "SZ",
        "alpha3": "SWZ"
    },
    {
        "code": 654,
        "name": "СВЯТАЯ ЕЛЕНА",
        "fullname": "ОСТРОВ СВЯТОЙ ЕЛЕНЫ (БРИТ.)",
        "alpha2": "SH",
        "alpha3": "SHN"
    },
    {
        "code": 690,
        "name": "СЕЙШЕЛЫ",
        "fullname": "РЕСПУБЛИКА СЕЙШЕЛЫ",
        "alpha2": "SC",
        "alpha3": "SYC"
    },
    {
        "code": 666,
        "name": "СЕН-ПЬЕР И МИКЕЛОН",
        "fullname": "СЕН-ПЬЕР И МИКЕЛОН (ФР.)",
        "alpha2": "PM",
        "alpha3": "SPM"
    },
    {
        "code": 686,
        "name": "СЕНЕГАЛ",
        "fullname": "РЕСПУБЛИКА СЕНЕГАЛ",
        "alpha2": "SN",
        "alpha3": "SEN"
    },
    {
        "code": 670,
        "name": "СЕНТ-ВИНСЕНТ И ГРЕНАДИНЫ",
        "fullname": "СЕНТ-ВИНСЕНТ И ГРЕНАДИНЫ",
        "alpha2": "VC",
        "alpha3": "VCT"
    },
    {
        "code": 659,
        "name": "СЕНТ-КИТС И НЕВИС",
        "fullname": "ФЕДЕРАЦИЯ СЕНТ-КИТС (СЕНТ-КРИСТОФЕР) И НЕВИС",
        "alpha2": "KN",
        "alpha3": "KNA"
    },
    {
        "code": 662,
        "name": "СЕНТ-ЛЮСИЯ",
        "fullname": "СЕНТ-ЛЮСИЯ",
        "alpha2": "LC",
        "alpha3": "LCA"
    },
    {
        "code": 688,
        "name": "СЕРБИЯ",
        "fullname": "РЕСПУБЛИКА СЕРБИЯ",
        "alpha2": "RS",
        "alpha3": "SRB"
    },
    {
        "code": 702,
        "name": "СИНГАПУР",
        "fullname": "РЕСПУБЛИКА СИНГАПУР",
        "alpha2": "SG",
        "alpha3": "SGP"
    },
    {
        "code": 760,
        "name": "СИРИЯ",
        "fullname": "СИРИЙСКАЯ АРАБСКАЯ РЕСПУБЛИКА",
        "alpha2": "SY",
        "alpha3": "SYR"
    },
    {
        "code": 703,
        "name": "СЛОВАКИЯ",
        "fullname": "СЛОВАЦКАЯ РЕСПУБЛИКА",
        "alpha2": "SK",
        "alpha3": "SVK"
    },
    {
        "code": 705,
        "name": "СЛОВЕНИЯ",
        "fullname": "РЕСПУБЛИКА СЛОВЕНИЯ",
        "alpha2": "SI",
        "alpha3": "SVN"
    },
    {
        "code": 826,
        "name": "СОЕДИНЕННОЕ КОРОЛЕВСТВО",
        "fullname": "СОЕДИНЕННОЕ КОРОЛЕВСТВО ВЕЛИКОБРИТАНИИ И СЕВЕРНОЙ ИРЛАНДИИ",
        "alpha2": "GB",
        "alpha3": "GBR"
    },
    {
        "code": 90,
        "name": "СОЛОМОНОВЫ О-ВА",
        "fullname": "СОЛОМОНОВЫ ОСТРОВА",
        "alpha2": "SB",
        "alpha3": "SLB"
    },
    {
        "code": 706,
        "name": "СОМАЛИ",
        "fullname": "СОМАЛИЙСКАЯ РЕСПУБЛИКА",
        "alpha2": "SO",
        "alpha3": "SOM"
    },
    {
        "code": 736,
        "name": "СУДАН",
        "fullname": "РЕСПУБЛИКА СУДАН",
        "alpha2": "SD",
        "alpha3": "SDN"
    },
    {
        "code": 740,
        "name": "СУРИНАМ",
        "fullname": "РЕСПУБЛИКА СУРИНАМ",
        "alpha2": "SR",
        "alpha3": "SUR"
    },
    {
        "code": 840,
        "name": "США",
        "fullname": "СОЕДИНЕННЫЕ ШТАТЫ АМЕРИКИ",
        "alpha2": "US",
        "alpha3": "USA"
    },
    {
        "code": 694,
        "name": "СЬЕРРА-ЛЕОНЕ",
        "fullname": "РЕСПУБЛИКА СЬЕРРА-ЛЕОНЕ",
        "alpha2": "SL",
        "alpha3": "SLE"
    },
    {
        "code": 762,
        "name": "ТАДЖИКИСТАН",
        "fullname": "РЕСПУБЛИКА ТАДЖИКИСТАН",
        "alpha2": "TJ",
        "alpha3": "TJK"
    },
    {
        "code": 764,
        "name": "ТАИЛАНД",
        "fullname": "КОРОЛЕВСТВО ТАИЛАНД",
        "alpha2": "TH",
        "alpha3": "THA"
    },
    {
        "code": 158,
        "name": "ТАЙВАНЬ",
        "fullname": "ТАЙВАНЬ (В СОСТАВЕ КИТАЯ)",
        "alpha2": "TW",
        "alpha3": "TWN"
    },
    {
        "code": 834,
        "name": "ТАНЗАНИЯ",
        "fullname": "ОБЪЕДИНЕННАЯ РЕСПУБЛИКА ТАНЗАНИЯ (ОРТ)",
        "alpha2": "TZ",
        "alpha3": "TZA"
    },
    {
        "code": 796,
        "name": "ТЕРКС И КАЙКОС",
        "fullname": "ОСТРОВА ТЕРКС И КАЙКОС (БРИТ.)",
        "alpha2": "TC",
        "alpha3": "TCA"
    },
    {
        "code": 626,
        "name": "ТИМОР-ЛЕСТЕ",
        "fullname": "ДЕМОКРАТИЧЕСКАЯ РЕСПУБЛИКА ТИМОР-ЛЕСТЕ",
        "alpha2": "TP",
        "alpha3": "TMP"
    },
    {
        "code": 768,
        "name": "ТОГО",
        "fullname": "ТОГОЛЕЗСКАЯ РЕСПУБЛИКА",
        "alpha2": "TG",
        "alpha3": "TGO"
    },
    {
        "code": 772,
        "name": "ТОКЕЛАУ",
        "fullname": "ТОКЕЛАУ (ЮНИОН) (Н. ЗЕЛ.)",
        "alpha2": "TK",
        "alpha3": "TKL"
    },
    {
        "code": 776,
        "name": "ТОНГА",
        "fullname": "КОРОЛЕВСТВО ТОНГА",
        "alpha2": "TO",
        "alpha3": "TON"
    },
    {
        "code": 780,
        "name": "ТРИНИДАД И ТОБАГО",
        "fullname": "РЕСПУБЛИКА ТРИНИДАД И ТОБАГО",
        "alpha2": "TT",
        "alpha3": "TTO"
    },
    {
        "code": 798,
        "name": "ТУВАЛУ",
        "fullname": "ТУВАЛУ",
        "alpha2": "TV",
        "alpha3": "TUV"
    },
    {
        "code": 788,
        "name": "ТУНИС",
        "fullname": "ТУНИССКАЯ РЕСПУБЛИКА",
        "alpha2": "TN",
        "alpha3": "TUN"
    },
    {
        "code": 795,
        "name": "ТУРКМЕНИЯ",
        "fullname": "ТУРКМЕНИСТАН",
        "alpha2": "TM",
        "alpha3": "TKM"
    },
    {
        "code": 792,
        "name": "ТУРЦИЯ",
        "fullname": "ТУРЕЦКАЯ РЕСПУБЛИКА",
        "alpha2": "TR",
        "alpha3": "TUR"
    },
    {
        "code": 800,
        "name": "УГАНДА",
        "fullname": "РЕСПУБЛИКА УГАНДА",
        "alpha2": "UG",
        "alpha3": "UGA"
    },
    {
        "code": 860,
        "name": "УЗБЕКИСТАН",
        "fullname": "РЕСПУБЛИКА УЗБЕКИСТАН",
        "alpha2": "UZ",
        "alpha3": "UZB"
    },
    {
        "code": 804,
        "name": "УКРАИНА",
        "fullname": "УКРАИНА",
        "alpha2": "UA",
        "alpha3": "UKR"
    },
    {
        "code": 876,
        "name": "УОЛЛИС И ФУТУНА",
        "fullname": "ОСТРОВА УОЛЛИС И ФУТУНА",
        "alpha2": "WF",
        "alpha3": "WLF"
    },
    {
        "code": 858,
        "name": "УРУГВАЙ",
        "fullname": "ВОСТОЧНАЯ РЕСПУБЛИКА УРУГВАЙ",
        "alpha2": "UY",
        "alpha3": "URY"
    },
    {
        "code": 234,
        "name": "ФАРЕРСКИЕ О-ВА",
        "fullname": "ФАРЕРСКИЕ ОСТРОВА (В СОСТАВЕ ДАНИИ)",
        "alpha2": "FO",
        "alpha3": "FRO"
    },
    {
        "code": 242,
        "name": "ФИДЖИ",
        "fullname": "РЕСПУБЛИКА ОСТРОВОВ ФИДЖИ",
        "alpha2": "FJ",
        "alpha3": "FJI"
    },
    {
        "code": 608,
        "name": "ФИЛИППИНЫ",
        "fullname": "РЕСПУБЛИКА ФИЛИППИНЫ",
        "alpha2": "PH",
        "alpha3": "PHL"
    },
    {
        "code": 246,
        "name": "ФИНЛЯНДИЯ",
        "fullname": "ФИНЛЯНДСКАЯ РЕСПУБЛИКА",
        "alpha2": "FI",
        "alpha3": "FIN"
    },
    {
        "code": 238,
        "name": "ФОЛКЛЕНДСКИЕ О-ВА",
        "fullname": "ФОЛКЛЕНДСКИЕ ОСТРОВА (МАЛЬВИНСКИЕ)",
        "alpha2": "FK",
        "alpha3": "FLK"
    },
    {
        "code": 260,
        "name": "ФР. ЮЖНЫЕ ТЕРРИТОРИИ",
        "fullname": "ФРАНЦУЗСКИЕ ЮЖНЫЕ ТЕРРИТОРИИ (ФР.)",
        "alpha2": "TF",
        "alpha3": "ATF"
    },
    {
        "code": 250,
        "name": "ФРАНЦИЯ",
        "fullname": "ФРАНЦУЗСКАЯ РЕСПУБЛИКА",
        "alpha2": "FR",
        "alpha3": "FRA"
    },
    {
        "code": 258,
        "name": "ФРАНЦУЗСКАЯ ПОЛИНЕЗИЯ",
        "fullname": "ФРАНЦУЗСКАЯ ПОЛИНЕЗИЯ (ФР.)",
        "alpha2": "PF",
        "alpha3": "PYF"
    },
    {
        "code": 334,
        "name": "ХЕРД И МАКДОНАЛЬД",
        "fullname": "ОСТРОВ ХЕРД И ОСТРОВА МАКДОНАЛЬД",
        "alpha2": "HM",
        "alpha3": "HMD"
    },
    {
        "code": 191,
        "name": "ХОРВАТИЯ",
        "fullname": "РЕСПУБЛИКА ХОРВАТИЯ",
        "alpha2": "HR",
        "alpha3": "HRV"
    },
    {
        "code": 140,
        "name": "ЦЕНТР. - АФР. РЕСПУБЛИКА",
        "fullname": "ЦЕНТРАЛЬНО-АФРИКАНСКАЯ РЕСПУБЛИКА (ЦАР)",
        "alpha2": "CF",
        "alpha3": "CAF"
    },
    {
        "code": 148,
        "name": "ЧАД",
        "fullname": "РЕСПУБЛИКА ЧАД",
        "alpha2": "TD",
        "alpha3": "TCD"
    },
    {
        "code": 499,
        "name": "ЧЕРНОГОРИЯ",
        "fullname": "РЕСПУБЛИКА ЧЕРНОГОРИЯ",
        "alpha2": "ME",
        "alpha3": "MNE"
    },
    {
        "code": 203,
        "name": "ЧЕХИЯ",
        "fullname": "ЧЕШСКАЯ РЕСПУБЛИКА",
        "alpha2": "CZ",
        "alpha3": "CZE"
    },
    {
        "code": 152,
        "name": "ЧИЛИ",
        "fullname": "РЕСПУБЛИКА ЧИЛИ",
        "alpha2": "CL",
        "alpha3": "CHL"
    },
    {
        "code": 756,
        "name": "ШВЕЙЦАРИЯ",
        "fullname": "ШВЕЙЦАРСКАЯ КОНФЕДЕРАЦИЯ",
        "alpha2": "CH",
        "alpha3": "CHE"
    },
    {
        "code": 752,
        "name": "ШВЕЦИЯ",
        "fullname": "КОРОЛЕВСТВО ШВЕЦИЯ",
        "alpha2": "SE",
        "alpha3": "SWE"
    },
    {
        "code": 744,
        "name": "ШПИЦБЕРГЕН И ЯН-МАЙЕН",
        "fullname": "ШПИЦБЕРГЕН И ЯН-МАЙЕН (НОРВ.)",
        "alpha2": "SJ",
        "alpha3": "SJM"
    },
    {
        "code": 144,
        "name": "ШРИ-ЛАНКА",
        "fullname": "ДЕМОКРАТИЧЕСКАЯ СОЦИАЛИСТИЧЕСКАЯ РЕСПУБЛИКА ШРИ-ЛАНКА",
        "alpha2": "LK",
        "alpha3": "LKA"
    },
    {
        "code": 218,
        "name": "ЭКВАДОР",
        "fullname": "РЕСПУБЛИКА ЭКВАДОР",
        "alpha2": "EC",
        "alpha3": "ECU"
    },
    {
        "code": 226,
        "name": "ЭКВАТОРИАЛЬНАЯ ГВИНЕЯ",
        "fullname": "РЕСПУБЛИКА ЭКВАТОРИАЛЬНАЯ ГВИНЕЯ",
        "alpha2": "GQ",
        "alpha3": "GNQ"
    },
    {
        "code": 248,
        "name": "ЭЛАНДСКИЕ ОСТРОВА",
        "fullname": "ЭЛАНДСКИЕ ОСТРОВА",
        "alpha2": "AX",
        "alpha3": "ALA"
    },
    {
        "code": 222,
        "name": "ЭЛЬ-САЛЬВАДОР",
        "fullname": "РЕСПУБЛИКА ЭЛ-САЛЬВАДОР",
        "alpha2": "SV",
        "alpha3": "SLV"
    },
    {
        "code": 232,
        "name": "ЭРИТРЕЯ",
        "fullname": "ЭРИТРЕЯ",
        "alpha2": "ER",
        "alpha3": "ERI"
    },
    {
        "code": 233,
        "name": "ЭСТОНИЯ",
        "fullname": "ЭСТОНСКАЯ РЕСПУБЛИКА",
        "alpha2": "EE",
        "alpha3": "EST"
    },
    {
        "code": 231,
        "name": "ЭФИОПИЯ",
        "fullname": "ФЕДЕРАТИВНАЯ ДЕМОКРАТИЧЕСКАЯ  РЕСПУБЛИКА ЭФИОПИЯ",
        "alpha2": "ET",
        "alpha3": "ETH"
    },
    {
        "code": 710,
        "name": "ЮЖНАЯ АФРИКА",
        "fullname": "ЮЖНО-АФРИКАНСКАЯ РЕСПУБЛИКА",
        "alpha2": "ZA",
        "alpha3": "ZAF"
    },
    {
        "code": 239,
        "name": "ЮЖНАЯ ДЖОРДЖИЯ И ЮЖНЫЕ САНДВИЧЕВЫ ОСТРОВА",
        "fullname": "ЮЖНАЯ ДЖОРДЖИЯ И ЮЖНЫЕ САНДВИЧЕВЫ ОСТРОВА",
        "alpha2": "GS",
        "alpha3": "SGS"
    },
    {
        "code": 388,
        "name": "ЯМАЙКА",
        "fullname": "ЯМАЙКА",
        "alpha2": "JM",
        "alpha3": "JAM"
    },
    {
        "code": 392,
        "name": "ЯПОНИЯ",
        "fullname": "ЯПОНИЯ",
        "alpha2": "JP",
        "alpha3": "JPN"
    }
]