[{"guid":"181c1af6-7173-11ee-b19d-0cc47a3455a3","name":"Янтарь","type":"тер. СНТ","coordinates":"158.388355,53.183026","country":"RU","fias":"fa2878cc-b168-44b9-a828-191a8c8fd284","region_str":"Камчатский край, Елизово г","default_terminal":null},{"guid":"57b71418-6731-11ee-ae68-ac1f6b447939","name":"Янтарь","type":"тер. ГСК","coordinates":"132.020277,43.36358","country":"RU","fias":"e721727b-9177-4212-a277-be67987ff965","region_str":"Приморский край, Надеждинский р-н","default_terminal":null},{"guid":"5daef42c-6731-11ee-ae68-ac1f6b447939","name":"Янтарь","type":"тер. СНТ","coordinates":"132.054054,43.387577","country":"RU","fias":"0448632c-02e2-4706-8bd9-224e128003d4","region_str":"Приморский край, Надеждинский р-н","default_terminal":null},{"guid":"aa85b181-67ff-11ee-b19d-0cc47a3455a3","name":"Янтарь","type":"снт","coordinates":"0,0","country":"RU","fias":"7b52ce10-5822-41bf-a88f-9563a1d0daf4","region_str":"Волгоградская обл, Михайловский р-н","default_terminal":null},{"guid":"af70ccb4-61cb-11ee-ae68-ac1f6b447939","name":"Янтарь","type":"тер. СНТ","coordinates":"34.767676,64.49101","country":"RU","fias":"6f8780f4-a3e5-4405-874c-d8c64680183a","region_str":"Карелия Респ, Беломорский р-н","default_terminal":null},{"guid":"e1902ef2-0125-11e5-80c7-00155d903d03","name":"Янтарь","type":"тер. СНТ","coordinates":"36.911002,59.405746","country":"RU","fias":"1b95d077-27a5-43b8-a417-f9d4dc23444d","region_str":"Вологодская обл, Кадуйский р-н","default_terminal":null},{"guid":"c0f0736d-73c4-11ee-ae69-ac1f6b447939","name":"Янтарь","type":"тер. СНТ","coordinates":"20.507307,54.70739","country":"RU","fias":"e978b598-e029-45b0-98bb-0b95928387ef","region_str":"Калининградская обл, Калининград г","default_terminal":null},{"guid":"c44f8afb-6731-11ee-ae68-ac1f6b447939","name":"Янтарь","type":"снт","coordinates":"0,0","country":"RU","fias":"5f258a9f-3fa2-49a1-8c3c-05c2b330da02","region_str":"Ставропольский край, Андроповский р-н","default_terminal":null},{"guid":"293895a3-0126-11e5-80c7-00155d903d03","name":"Янтарь-2","type":"тер. СНТ","coordinates":"20.628445,54.785075","country":"RU","fias":"345c42ad-1898-4dfa-a63f-f40fb1f487d3","region_str":"Калининградская обл, Калининград г","default_terminal":null},{"guid":"81806067-6731-11ee-ae68-ac1f6b447939","name":"Янтарь-91","type":"тер. СНТ","coordinates":"132.159633,43.350116","country":"RU","fias":"843b3955-6e63-46d6-a891-85fd54263f50","region_str":"Приморский край, Артем г","default_terminal":null},{"guid":"baf49720-73c4-11ee-ae69-ac1f6b447939","name":"Янтарьэнерго","type":"снт","coordinates":"20.280016,54.893871","country":"RU","fias":"227b50e0-fedd-49c5-8bad-437691cf7ffd","region_str":"Калининградская обл, Зеленоградский р-н","default_terminal":null},{"guid":"b0f09227-0124-11e5-80c7-00155d903d03","name":"Янтышево","type":"д","coordinates":"57.736277,51.888676","country":"RU","fias":"91facabf-58eb-4fe8-a544-40583ecb2ae5","region_str":"Башкортостан Респ, Хайбуллинский р-н","default_terminal":null},{"guid":"990b31ec-0124-11e5-80c7-00155d903d03","name":"Яныбаево","type":"с","coordinates":"58.714489,55.76326","country":"RU","fias":"350792d2-4b02-44ce-9b24-f6cbfe30eb08","region_str":"Башкортостан Респ, Белокатайский р-н","default_terminal":null},{"guid":"990b320e-0124-11e5-80c7-00155d903d03","name":"Яныбаевский","type":"с\/с","coordinates":"58.710024,55.763868","country":"RU","fias":"7b308885-1b58-4e23-ae5d-6c8fce25e61a","region_str":"Башкортостан Респ, Белокатайский р-н","default_terminal":null},{"guid":"a4fe3b11-0124-11e5-80c7-00155d903d03","name":"Яныбаевский","type":"с\/с","coordinates":"58.710024,55.763868","country":"RU","fias":"f1fe6045-4def-46aa-bacf-835473b0924b","region_str":"Башкортостан Респ, Зианчуринский р-н","default_terminal":null},{"guid":"fe9d4265-0124-11e5-80c7-00155d903d03","name":"Яныль","type":"с","coordinates":"50.578519,56.253447","country":"RU","fias":"1471d392-569c-4e34-b0c2-e7c81e77059c","region_str":"Татарстан Респ, Кукморский р-н","default_terminal":null},{"guid":"4992268b-cd3d-11ed-ae68-ac1f6b447939","name":"Японские бараки","type":"местность","coordinates":"109.775098,52.161421","country":"RU","fias":"296cabd7-ca91-42bf-9d16-c888a3810455","region_str":"Бурятия Респ, Хоринский р-н","default_terminal":null},{"guid":"ad41675e-0128-11e5-80c7-00155d903d03","name":"Яр","type":"д","coordinates":"68.677973,59.006717","country":"RU","fias":"2605207e-39f6-4c21-a5f2-5de269c60bd8","region_str":"Тюменская обл, Уватский р-н","default_terminal":null},{"guid":"ef0828fd-0128-11e5-80c7-00155d903d03","name":"Яр-Сале","type":"с","coordinates":"70.839311,66.861201","country":"RU","fias":"ef16009b-5c0a-4db8-a793-98ffea7648e7","region_str":"Ямало-Ненецкий АО, Ямальский р-н","default_terminal":null},{"guid":"c8d4fa60-0124-11e5-80c7-00155d903d03","name":"Яраг","type":"с","coordinates":"47.857531,41.867406","country":"RU","fias":"24fed104-41a8-4b12-a494-c0585e6a5d0c","region_str":"Дагестан Респ, Хивский р-н","default_terminal":null},{"guid":"c2dc1e4d-0124-11e5-80c7-00155d903d03","name":"Яраг-Казмаляр","type":"с","coordinates":"48.385857,41.64687","country":"RU","fias":"35a63933-84cb-4315-9c4b-3f6a75ae950b","region_str":"Дагестан Респ, Магарамкентский р-н","default_terminal":null},{"guid":"c2dc1af4-0124-11e5-80c7-00155d903d03","name":"Яраймахи","type":"с","coordinates":"47.359451,42.295603","country":"RU","fias":"19f5300e-b06f-421c-b47a-6b6987b442c0","region_str":"Дагестан Респ, Акушинский р-н","default_terminal":null},{"guid":"f8a3d708-0124-11e5-80c7-00155d903d03","name":"Ярак-Чурма","type":"д","coordinates":"50.1534,56.381186","country":"RU","fias":"231220f7-9b6e-480c-982e-4c59f0e7f34f","region_str":"Татарстан Респ, Балтасинский р-н","default_terminal":null},{"guid":"4195e453-68c6-11ee-ae68-ac1f6b447939","name":"Ярактинское нефтегазоконденсатное","type":"месторожд.","coordinates":"0,0","country":"RU","fias":"a5c67e9c-8d3f-4601-b375-c021fe02d982","region_str":"Иркутская обл, Катангский р-н","default_terminal":null},{"guid":"4195e03c-68c6-11ee-ae68-ac1f6b447939","name":"Ярактинское нефтегазоконденсатное месторождение","type":"тер","coordinates":"107.023118,57.325649","country":"RU","fias":"6a29454c-a34f-47de-a2b9-b2fcdc3d80c9","region_str":"Иркутская обл, Усть-Кутский р-н","default_terminal":null},{"guid":"a06da99a-0127-11e5-80c7-00155d903d03","name":"Яранина","type":"д","coordinates":"56.23946,60.127454","country":"RU","fias":"6149b922-bc1c-474d-b105-41b5cfcc109c","region_str":"Пермский край, Чердынский р-н","default_terminal":null},{"guid":"8df16077-0125-11e5-80c7-00155d903d03","name":"Ярант","type":"д","coordinates":"48.681152,62.081696","country":"RU","fias":"5c0e6718-b1d3-48e6-898d-09d9cf6464bd","region_str":"Архангельская обл, Ленский р-н","default_terminal":null},{"guid":"64f21406-0126-11e5-80c7-00155d903d03","name":"Яранцево","type":"д","coordinates":"47.036049,56.9381","country":"RU","fias":"99d241c0-1538-4429-ad2f-3cdccd00dc66","region_str":"Кировская обл, Санчурский р-н","default_terminal":null},{"guid":"76dc7524-0126-11e5-80c7-00155d903d03","name":"Ярасята","type":"д","coordinates":"46.560544,58.993952","country":"RU","fias":"fec687f2-7338-4d7f-8def-2c74de7172cf","region_str":"Костромская обл, Вохомский р-н","default_terminal":null},{"guid":"a668fa8e-0127-11e5-80c7-00155d903d03","name":"Ярашева","type":"д","coordinates":"54.190205,59.008316","country":"RU","fias":"60d3a8db-5c6a-40ee-a549-d15faf9adae6","region_str":"Пермский край, Кудымкарский р-н","default_terminal":null},{"guid":"921c35ba-6998-11ee-b19d-0cc47a3455a3","name":"Ярвосоль","type":"тер.","coordinates":"0,0","country":"RU","fias":"044c2ca9-4a4e-4847-aeda-af818c99ee44","region_str":"Кировский р-н, Ленинградская обл","default_terminal":null},{"guid":"c8d4fa61-0124-11e5-80c7-00155d903d03","name":"Яргиль","type":"с","coordinates":"47.920512,41.784446","country":"RU","fias":"9bec38f4-6456-4a63-83fe-0ceed51a86bd","region_str":"Дагестан Респ, Хивский р-н","default_terminal":null},{"guid":"f378cd90-0125-11e5-80c7-00155d903d03","name":"Яргомжское сельское поселение","type":"с\/мо","coordinates":"37.459649,58.911783","country":"RU","fias":"2df1ccaf-926e-423d-9597-ed385e66cf91","region_str":"Вологодская обл, Череповецкий р-н","default_terminal":null},{"guid":"b5c95b6a-673a-11ee-ae68-ac1f6b447939","name":"Яренск-Лысимо-Очея","type":"тер.","coordinates":"0,0","country":"RU","fias":"d60a1e2b-bbf6-4618-8737-655cafccbf7e","region_str":"Архангельская обл, Ленский р-н","default_terminal":null},{"guid":"b5c95d55-673a-11ee-ae68-ac1f6b447939","name":"Яренск-Пристань Яренск","type":"тер.","coordinates":"0,0","country":"RU","fias":"00c4e09f-d2b3-4079-8b4b-b1ff906c0f0b","region_str":"Архангельская обл, Ленский р-н","default_terminal":null},{"guid":"81ff8088-0125-11e5-80c7-00155d903d03","name":"Яреньга","type":"д","coordinates":"37.937948,64.879116","country":"RU","fias":"ed388ac0-1be1-44a8-87ed-ee31229663d4","region_str":"Архангельская обл, Приморский р-н","default_terminal":null},{"guid":"bce2969a-0124-11e5-80c7-00155d903d03","name":"Ярикта","type":"у","coordinates":"109.555891,53.66374","country":"RU","fias":"35ca8d79-f8a4-4718-af67-6d6ab3fb81a1","region_str":"Бурятия Респ, Баргузинский р-н","default_terminal":null},{"guid":"ed7ffa6e-0125-11e5-80c7-00155d903d03","name":"Яринская","type":"д","coordinates":"43.117571,60.735924","country":"RU","fias":"78340482-fb93-4f48-b0a5-27719d0eae64","region_str":"Вологодская обл, Тарногский р-н","default_terminal":null},{"guid":"88c6bd31-0126-11e5-80c7-00155d903d03","name":"Ярки","type":"д","coordinates":"64.803494,54.803979","country":"RU","fias":"d280b4c3-bcd3-4a6f-b3bc-bd11fd0d7163","region_str":"Курганская обл, Куртамышский р-н","default_terminal":null},{"guid":"52c70237-0127-11e5-80c7-00155d903d03","name":"Ярки","type":"с","coordinates":"79.725895,54.791549","country":"RU","fias":"330be29a-f340-47c0-a9ee-3ddb603fa119","region_str":"Новосибирская обл, Доволенский р-н","default_terminal":null},{"guid":"5831c58a-0125-11e5-80c7-00155d903d03","name":"Ярки","type":"д","coordinates":"97.100947,58.396846","country":"RU","fias":"d3af7b05-f436-423a-9660-44ed6d3d1a46","region_str":"Красноярский край, Богучанский р-н","default_terminal":null},{"guid":"58c04b2f-0127-11e5-80c7-00155d903d03","name":"Ярки","type":"с","coordinates":"83.282675,54.151507","country":"RU","fias":"cc47bb00-a4f6-4c2b-bb11-37578074a28a","region_str":"Новосибирская обл, Черепановский р-н","default_terminal":null},{"guid":"233fc327-0126-11e5-80c7-00155d903d03","name":"Ярки","type":"тер","coordinates":"105.363768,54.94505","country":"RU","fias":"5483db26-3907-4941-84fc-7932eec7aec3","region_str":"Иркутская обл, Жигаловский р-н","default_terminal":null},{"guid":"64239295-0125-11e5-80c7-00155d903d03","name":"Яркино","type":"с","coordinates":"99.39723,59.129396","country":"RU","fias":"92e20c74-228e-451b-8483-bb3e02edc9a2","region_str":"Красноярский край, Кежемский р-н","default_terminal":null},{"guid":"642392c0-0125-11e5-80c7-00155d903d03","name":"Яркинский","type":"с\/с","coordinates":"100.708617,58.817868","country":"RU","fias":"a2a6d471-ada5-473b-b149-11820fa504aa","region_str":"Красноярский край, Кежемский р-н","default_terminal":null},{"guid":"52c704c3-0127-11e5-80c7-00155d903d03","name":"Ярково","type":"д","coordinates":"77.820784,55.649947","country":"RU","fias":"ab56e30b-89f6-441e-a3be-f93e5f240d26","region_str":"Новосибирская обл, Куйбышевский р-н","default_terminal":null},{"guid":"dabeddfb-0124-11e5-80c7-00155d903d03","name":"Ярковская","type":"д","coordinates":"50.264621,60.713115","country":"RU","fias":"1322e408-1736-419c-897b-e514fa78a6a5","region_str":"Коми Респ, Сысольский р-н","default_terminal":null},{"guid":"fa5cd6aa-6f1b-11ee-ae69-ac1f6b447939","name":"Яркое","type":"месторожд.","coordinates":"0,0","country":"RU","fias":"3ba56940-7a37-42bf-934e-70ba5b0034ce","region_str":"Ханты-Мансийский Автономный округ - Югра АО, Сургутский р-н","default_terminal":null},{"guid":"c2dc1ad5-0124-11e5-80c7-00155d903d03","name":"Яркуг","type":"с","coordinates":"47.683447,41.79851","country":"RU","fias":"dd330196-eead-4dad-95e9-bf543c9fb987","region_str":"Дагестан Респ, Агульский р-н","default_terminal":null},{"guid":"52c704e7-0127-11e5-80c7-00155d903d03","name":"Яркуль","type":"с","coordinates":"77.3834254,54.6408005","country":"RU","fias":"b991161b-fce8-467f-87f4-0be401bdaca2","region_str":"Новосибирская обл, Купинский р-н","default_terminal":null},{"guid":"c446473f-0127-11e5-80c7-00155d903d03","name":"Ярлыки","type":"д","coordinates":"27.763018,57.489261","country":"RU","fias":"6408818c-d81e-4714-b948-386f92b9a330","region_str":"Псковская обл, Палкинский р-н","default_terminal":null},{"guid":"5831c48e-0125-11e5-80c7-00155d903d03","name":"Ярлыковка","type":"тер. СНТ","coordinates":"93.231104,55.877521","country":"RU","fias":"bbd9e636-f72b-4b5e-b60f-273873f0e469","region_str":"Красноярский край, Березовский р-н","default_terminal":null},{"guid":"dfc1f612-6998-11ee-b19d-0cc47a3455a3","name":"Ярмарочная","type":"тер.","coordinates":"0,0","country":"RU","fias":"82aed564-d12f-4cda-a5fc-605cbfc000df","region_str":"Ленинградская обл, Всеволожский р-н","default_terminal":null},{"guid":"8df1637b-0125-11e5-80c7-00155d903d03","name":"Ярнема","type":"д","coordinates":"39.369431,62.962451","country":"RU","fias":"4646111d-bdbd-4b27-996b-3f0436717c53","region_str":"Архангельская обл, Плесецкий р-н","default_terminal":null},{"guid":"554078f0-6e50-11ee-ae69-ac1f6b447939","name":"Яро-Яхинское","type":"мр.","coordinates":"0,0","country":"RU","fias":"4bcbecda-c92d-4c11-bae5-5dffef367596","region_str":"Ямало-Ненецкий АО, Пуровский р-н","default_terminal":null},{"guid":"5ad62ef7-c0d8-11ee-b19d-0cc47a3455a3","name":"Яровая","type":"пгт.","coordinates":"0,0","country":"RU","fias":"2fab4199-63fa-4939-b26e-893e25ba957a","region_str":"Донецкая Народная респ, Краснолиманский р-н","default_terminal":null},{"guid":"88c6be4a-0126-11e5-80c7-00155d903d03","name":"Яровое","type":"с","coordinates":"66.224144,54.885223","country":"RU","fias":"97d91b20-b49a-47d5-a08e-8f483d61acb0","region_str":"Курганская обл, Половинский р-н","default_terminal":null},{"guid":"345ce2ff-0125-11e5-80c7-00155d903d03","name":"Яровойкасы","type":"д","coordinates":"46.36057,55.852496","country":"RU","fias":"b1d4ada1-3e5b-4901-b368-5de255b669f6","region_str":"Ядринский р-н, Чувашская Республика - Чувашия","default_terminal":null},{"guid":"a7483c3e-0128-11e5-80c7-00155d903d03","name":"Яровское","type":"с","coordinates":"69.140803,55.573592","country":"RU","fias":"6f64a626-8416-4231-81af-aa1e9e72cc90","region_str":"Тюменская обл, Казанский р-н","default_terminal":null},{"guid":"7765677d-67fa-11ee-b19d-0cc47a3455a3","name":"Ярополье","type":"снт","coordinates":"0,0","country":"RU","fias":"0ab8838b-7392-4369-aaad-978e039c37aa","region_str":"Владимирская обл, Вязниковский р-н","default_terminal":null},{"guid":"99e3e61d-0125-11e5-80c7-00155d903d03","name":"Яропольцы","type":"с","coordinates":"38.412536,50.043642","country":"RU","fias":"31d2094e-3454-4444-a269-ba4d64c3ae78","region_str":"Белгородская обл, Вейделевский р-н","default_terminal":null},{"guid":"6e929052-6f1e-11ee-ae69-ac1f6b447939","name":"Ярославич-2","type":"снт","coordinates":"0,0","country":"RU","fias":"90b5cd1d-d70e-44f1-949e-0601683ac287","region_str":"Ярославская обл, Ярославский р-н","default_terminal":null},{"guid":"997d81d3-0126-11e5-80c7-00155d903d03","name":"Ярославка","type":"д","coordinates":"34.490977,51.988712","country":"RU","fias":"3a7235bf-90f8-4c02-897b-aba3cc3f2340","region_str":"Курская обл, Хомутовский р-н","default_terminal":null},{"guid":"9f048577-0124-11e5-80c7-00155d903d03","name":"Ярославка","type":"с","coordinates":"57.974627,55.85055","country":"RU","fias":"22cdef04-852c-4d25-b616-a0f63251ac8a","region_str":"Башкортостан Респ, Дуванский р-н","default_terminal":null},{"guid":"7c05ece7-0125-11e5-80c7-00155d903d03","name":"Ярославка","type":"с","coordinates":"128.506993,49.912204","country":"RU","fias":"0234f94b-82f4-4389-a25d-a81090910ae3","region_str":"Михайловский р-н, Амурская обл","default_terminal":null},{"guid":"d274336e-6e44-11ee-ae69-ac1f6b447939","name":"Ярославка","type":"тер.","coordinates":"0,0","country":"RU","fias":"9e39862c-8239-446c-bced-4f3c36896981","region_str":"Тамбовская обл, Ржаксинский р-н","default_terminal":null},{"guid":"6f672ebd-6f1e-11ee-ae69-ac1f6b447939","name":"Ярославна","type":"снт","coordinates":"0,0","country":"RU","fias":"518e7624-18fc-41b9-be3b-d055e2106531","region_str":"Ярославская обл, Гаврилов-Ямский р-н","default_terminal":null},{"guid":"f2a3006c-0124-11e5-80c7-00155d903d03","name":"Ярославский","type":"с","coordinates":"113.933795,60.153836","country":"RU","fias":"d0cbe874-b42e-431f-947a-c7daf56f61fb","region_str":"Саха \/Якутия\/ Респ, Ленский у","default_terminal":null},{"guid":"bfe82812-6f1e-11ee-ae69-ac1f6b447939","name":"Ярославский овощной союз","type":"тер.","coordinates":"0,0","country":"RU","fias":"250a5a60-7e28-4b98-9532-794aea56c9fb","region_str":"Ярославская обл, Ярославский р-н","default_terminal":null},{"guid":"88c6be6b-0126-11e5-80c7-00155d903d03","name":"Ярославское","type":"с","coordinates":"65.295026,55.041436","country":"RU","fias":"05fae57d-721b-452c-ad20-e9468a84c50a","region_str":"Курганская обл, Притобольный р-н","default_terminal":null},{"guid":"404dfda2-0125-11e5-80c7-00155d903d03","name":"Ярославцев Лог","type":"с","coordinates":"80.093369,52.269543","country":"RU","fias":"4dd11ff4-fd94-43cc-a3f8-58e3f2f5aef4","region_str":"Алтайский край, Родинский р-н","default_terminal":null},{"guid":"b9510b29-c0d8-11ee-b19d-0cc47a3455a3","name":"Ярошик","type":"с.","coordinates":"0,0","country":"RU","fias":"7db3aa9b-a19d-4f7d-a448-ef94c07dd799","region_str":"Херсонская обл, Генический р-н","default_terminal":null},{"guid":"d4c50b85-0124-11e5-80c7-00155d903d03","name":"Ярпияг","type":"д","coordinates":"60.115367,66.03682","country":"RU","fias":"c8a041f6-13b1-42b9-9131-4c2030788577","region_str":"Коми Респ, Инта г","default_terminal":null},{"guid":"e837d42c-635a-11ee-ae68-ac1f6b447939","name":"Ярская ферма","type":"тер.","coordinates":"0,0","country":"RU","fias":"144ba4aa-ee0e-4211-a153-f59a464fbb32","region_str":"Удмуртская Респ, Ярский р-н","default_terminal":null},{"guid":"909aad30-c0d8-11ee-b19d-0cc47a3455a3","name":"Ярское","type":"с.","coordinates":"0,0","country":"RU","fias":"f80ffdcf-4ab2-4795-8806-c3b3dd745d62","region_str":"Луганская Народная респ, Меловский р-н","default_terminal":null},{"guid":"77799d09-0128-11e5-80c7-00155d903d03","name":"Яругино","type":"д","coordinates":"37.534316,57.725155","country":"RU","fias":"545dec97-12ea-4f5c-a24e-87fa57113186","region_str":"Тверская обл, Сонково пгт","default_terminal":null},{"guid":"512deaaf-6e50-11ee-ae69-ac1f6b447939","name":"Ярудейское НГКМ","type":"тер.","coordinates":"0,0","country":"RU","fias":"2a379a7d-0a48-4041-a885-2f765f3bbc1b","region_str":"Ямало-Ненецкий АО, Надымский р-н","default_terminal":null},{"guid":"c2dc1e4e-0124-11e5-80c7-00155d903d03","name":"Яруквалар","type":"с","coordinates":"48.412654,41.799552","country":"RU","fias":"69d35106-f777-42b6-a1ab-477501293d8f","region_str":"Дагестан Респ, Магарамкентский р-н","default_terminal":null},{"guid":"81ff8383-0125-11e5-80c7-00155d903d03","name":"Ярунинская","type":"д","coordinates":"45.069726,62.050446","country":"RU","fias":"dbf424b1-66b9-4366-9a90-113516f078f2","region_str":"Архангельская обл, Верхнетоемский р-н","default_terminal":null},{"guid":"cfa5b8be-0125-11e5-80c7-00155d903d03","name":"Яруново","type":"д","coordinates":"38.926831,59.501666","country":"RU","fias":"ea9a3fea-cf02-483e-be7d-67dc8fa2aa45","region_str":"Вологодская обл, Вологодский р-н","default_terminal":null},{"guid":"2e965c31-cd3d-11ed-ae68-ac1f6b447939","name":"ЯРУУНА","type":"тер. ДНТ","coordinates":"0,0","country":"RU","fias":"fca0f492-48bb-45d7-a1ed-5ec207fb3dd4","region_str":"Бурятия Респ, Заиграевский р-н","default_terminal":null},{"guid":"091b2f32-635b-11ee-ae68-ac1f6b447939","name":"Ярушки","type":"тер. ГСК","coordinates":"0,0","country":"RU","fias":"257784e9-27c7-4494-b785-066451cb420c","region_str":"Удмуртская Респ, Завьяловский р-н","default_terminal":null},{"guid":"5e2aa13c-0125-11e5-80c7-00155d903d03","name":"Ярцево","type":"с","coordinates":"90.215621,60.247729","country":"RU","fias":"3f72b94e-fff9-4a5f-a31d-25dbbbd1765d","region_str":"Красноярский край, Енисейский р-н","default_terminal":null},{"guid":"5ef85441-0126-11e5-80c7-00155d903d03","name":"Ярцево","type":"д","coordinates":"47.48226,60.742274","country":"RU","fias":"ac17d300-f218-4734-8b65-1a5492143abb","region_str":"Кировская обл, Лузский р-н","default_terminal":null},{"guid":"cfa5bab1-0125-11e5-80c7-00155d903d03","name":"Ярцево","type":"д","coordinates":"35.574166,59.510963","country":"RU","fias":"6dc7ba38-98b4-4fae-84da-2a15c4306ed7","region_str":"Вологодская обл, Бабаевский р-н","default_terminal":null},{"guid":"d119cb64-0128-11e5-80c7-00155d903d03","name":"Ярцево","type":"д","coordinates":"38.005663,57.966291","country":"RU","fias":"a3c29d93-a5b7-45f6-9635-c9314f05abf5","region_str":"Ярославская обл, Некоузский р-н","default_terminal":null},{"guid":"76dc7889-0126-11e5-80c7-00155d903d03","name":"Ярцево","type":"д","coordinates":"43.835082,57.909307","country":"RU","fias":"89d3c410-23d1-403d-a5fb-4503e40f4aba","region_str":"Костромская обл, Макарьевский р-н","default_terminal":null},{"guid":"77799ac9-0128-11e5-80c7-00155d903d03","name":"Ярцево","type":"д","coordinates":"36.738975,58.479978","country":"RU","fias":"59818458-f782-4761-99f6-6a9c7ffce07f","region_str":"Тверская обл, Сандово пгт","default_terminal":null},{"guid":"ed7ffb6a-0125-11e5-80c7-00155d903d03","name":"Ярцево","type":"д","coordinates":"42.287896,59.947865","country":"RU","fias":"4375c591-8fad-4f1d-972f-1195842dfb15","region_str":"Вологодская обл, Тотемский р-н","default_terminal":null},{"guid":"db975cb2-0125-11e5-80c7-00155d903d03","name":"Ярцево","type":"д","coordinates":"40.281625,60.474768","country":"RU","fias":"fc88addf-2b9e-49ed-877c-c507816ef10d","region_str":"Вологодская обл, Вожегодский р-н","default_terminal":null},{"guid":"f378cb80-0125-11e5-80c7-00155d903d03","name":"Ярцево","type":"д","coordinates":"36.047407,58.749356","country":"RU","fias":"44f0c88b-06d9-48df-bc0c-df0e710235cf","region_str":"Вологодская обл, Устюженский р-н","default_terminal":null},{"guid":"f378cb88-0125-11e5-80c7-00155d903d03","name":"Ярцево","type":"д","coordinates":"36.047407,58.749356","country":"RU","fias":"fe0f411a-50cd-4084-914a-8f73c072504f","region_str":"Вологодская обл, Устюженский р-н","default_terminal":null},{"guid":"f378cdc6-0125-11e5-80c7-00155d903d03","name":"Ярцево","type":"д","coordinates":"37.519665,59.344561","country":"RU","fias":"2e7497db-75d8-4f6d-b11f-c564f3a3f286","region_str":"Вологодская обл, Череповецкий р-н","default_terminal":null},{"guid":"ed7ff999-0125-11e5-80c7-00155d903d03","name":"Ярыгино","type":"д","coordinates":"41.0514,59.910546","country":"RU","fias":"baa76540-5300-43ee-804e-7f5666ec72bc","region_str":"Вологодская обл, Сямженский р-н","default_terminal":null},{"guid":"ed7ffa9a-0125-11e5-80c7-00155d903d03","name":"Ярыгино","type":"д","coordinates":"43.526466,60.441996","country":"RU","fias":"f19de134-542c-45ee-873e-011e36580854","region_str":"Вологодская обл, Тарногский р-н","default_terminal":null},{"guid":"87f88a06-0125-11e5-80c7-00155d903d03","name":"Ярыгинская","type":"д","coordinates":"48.026019,61.081778","country":"RU","fias":"51723378-4bbf-4c0f-9d52-e02d6e6ab70a","region_str":"Архангельская обл, Вилегодский р-н","default_terminal":null},{"guid":"e1902ee0-0125-11e5-80c7-00155d903d03","name":"Ярышево","type":"д","coordinates":"37.373931,59.274002","country":"RU","fias":"dca1a5fc-5f87-4ffb-8160-6383696473d4","region_str":"Вологодская обл, Кадуйский р-н","default_terminal":null},{"guid":"512de455-6e50-11ee-ae69-ac1f6b447939","name":"Ярэйское месторождение","type":"тер","coordinates":"0,0","country":"RU","fias":"31a6a64c-aaac-40e4-8bf3-d2d46b406d57","region_str":"Ямало-Ненецкий АО, Пуровский р-н","default_terminal":null},{"guid":"29389313-0126-11e5-80c7-00155d903d03","name":"Ясачная Хайрюзовка","type":"д","coordinates":"103.413382,53.843676","country":"RU","fias":"9d1b5458-eb9f-4a73-b9ee-541b55a5eeec","region_str":"Иркутская обл, Усть-Удинский р-н","default_terminal":null},{"guid":"5db2ef6f-72fb-11ee-b19d-0cc47a3455a3","name":"Ясеневая","type":"тер.","coordinates":"0,0","country":"RU","fias":"4d9756cd-1661-43ee-90fe-cdf79103b829","region_str":"Московская обл, Пушкино г","default_terminal":null},{"guid":"748ccccf-6f1e-11ee-ae69-ac1f6b447939","name":"Ясеневка","type":"снт","coordinates":"0,0","country":"RU","fias":"8436b86d-c259-42db-aabf-787f75664b8b","region_str":"Ярославская обл, Гаврилов-Ямский р-н","default_terminal":null},{"guid":"6f672ae4-6f1e-11ee-ae69-ac1f6b447939","name":"Ясенево","type":"снт","coordinates":"0,0","country":"RU","fias":"ead2044d-389c-4fb8-aeec-bacbf9d62a42","region_str":"Ярославская обл, Гаврилов-Ямский р-н","default_terminal":null},{"guid":"e315e589-0128-11e5-80c7-00155d903d03","name":"Ясенево","type":"д","coordinates":"38.356257,58.070457","country":"RU","fias":"7b25c32f-82da-45bd-983b-0118458fe42c","region_str":"Ярославская обл, Рыбинский р-н","default_terminal":null},{"guid":"70163b46-0125-11e5-80c7-00155d903d03","name":"Ясеневый","type":"с","coordinates":"135.409252,46.602905","country":"RU","fias":"f12c0fe0-d5cd-459c-8456-85153a79ccb7","region_str":"Приморский край, Пожарский р-н","default_terminal":null},{"guid":"2fcb88a1-0128-11e5-80c7-00155d903d03","name":"Ясенец","type":"д","coordinates":"31.291187,54.626954","country":"RU","fias":"d69c10ec-0bb4-440a-90ed-79c39f284202","region_str":"Смоленская обл, Краснинский р-н","default_terminal":null},{"guid":"4c3f8d4e-0125-11e5-80c7-00155d903d03","name":"Ясени","type":"х","coordinates":"38.841257,46.504816","country":"RU","fias":"6dfaa959-af08-4cbe-bfb7-86917aac9bf8","region_str":"Краснодарский край, Староминский р-н","default_terminal":null},{"guid":"a5d6ec37-0125-11e5-80c7-00155d903d03","name":"Ясеновка","type":"д","coordinates":"32.106049,52.19879","country":"RU","fias":"491b15bf-3a85-44c1-832d-5e6ff2cca35c","region_str":"Брянская обл, Климовский р-н","default_terminal":null},{"guid":"72b9c6a3-c0d8-11ee-b19d-0cc47a3455a3","name":"Ясеновое","type":"с.","coordinates":"0,0","country":"RU","fias":"ab144777-00e8-4213-b630-e014963e7864","region_str":"Красноармейский р-н, Донецкая Народная респ","default_terminal":null},{"guid":"78b3187f-c0d8-11ee-b19d-0cc47a3455a3","name":"Ясеновский","type":"пгт.","coordinates":"0,0","country":"RU","fias":"30b9193b-c7e7-4bab-9fb0-1ae931ff9508","region_str":"Луганская Народная респ, Ровеньки г","default_terminal":null},{"guid":"4647584e-0125-11e5-80c7-00155d903d03","name":"Ясенская","type":"ст-ца","coordinates":"38.268878,46.35771","country":"RU","fias":"0b1ca8f7-45d8-4611-8a00-83f4f844919f","region_str":"Краснодарский край, Ейский р-н","default_terminal":null},{"guid":"082773db-6bef-11ee-b19d-0cc47a3455a3","name":"Ясень","type":"тер. СНТ","coordinates":"0,0","country":"RU","fias":"ad5a729e-d00f-4a8e-b78f-e8f351b84baa","region_str":"Новосибирская обл, Новосибирский р-н","default_terminal":null},{"guid":"152e2cc4-6bef-11ee-b19d-0cc47a3455a3","name":"Ясень","type":"снт","coordinates":"0,0","country":"RU","fias":"6d732ed4-330c-4922-bc92-9599c0149932","region_str":"Новосибирская обл, Ордынский р-н","default_terminal":null},{"guid":"f9719d44-0125-11e5-80c7-00155d903d03","name":"Ясень","type":"снт","coordinates":"37.459649,58.911783","country":"RU","fias":"7c80b868-570f-4d82-8324-0ce51c7c5ece","region_str":"Вологодская обл, Череповецкий р-н","default_terminal":null},{"guid":"d2fa024e-6d7c-11ee-b19d-0cc47a3455a3","name":"Ясень-2","type":"тер. СНТ","coordinates":"0,0","country":"RU","fias":"998d72fd-1d8c-4546-9832-1ec89fafced1","region_str":"Свердловская обл, Белоярский р-н","default_terminal":null},{"guid":"6850cf02-8645-11ef-b1a2-0cc47a3455a3","name":"Ясиноватое","type":"с.","coordinates":"35.13733,48.107718","country":"RU","fias":"4103a302-fbc3-4391-b426-d84f389a1b3f","region_str":"Запорожская обл, Запорожский р-н","default_terminal":null},{"guid":"e81ebc4f-0127-11e5-80c7-00155d903d03","name":"Ясиноватый","type":"х","coordinates":"40.649494,49.324732","country":"RU","fias":"b47c107a-5dad-4169-ab96-a1fccb8824eb","region_str":"Ростовская обл, Чертковский р-н","default_terminal":null},{"guid":"4829eaa5-c0d8-11ee-b19d-0cc47a3455a3","name":"Ясиновка","type":"пгт.","coordinates":"0,0","country":"RU","fias":"07bd0a53-46de-4c23-90bc-9113333600f5","region_str":"Донецкая Народная респ, Макеевка г","default_terminal":null},{"guid":"aaf790f1-0124-11e5-80c7-00155d903d03","name":"Ясиново","type":"д","coordinates":"58.385535,55.692983","country":"RU","fias":"3050f1cb-1f9a-4de7-91b5-4bb0b0c234be","region_str":"Башкортостан Респ, Мечетлинский р-н","default_terminal":null},{"guid":"e223480e-0127-11e5-80c7-00155d903d03","name":"Ясиновский","type":"х","coordinates":"39.068693,47.816341","country":"RU","fias":"111a5c5a-6c69-41e5-84c9-b202f8586cb9","region_str":"Ростовская обл, Куйбышевский р-н","default_terminal":null},{"guid":"f378cbe7-0125-11e5-80c7-00155d903d03","name":"Яскино","type":"д","coordinates":"40.027725,60.023911","country":"RU","fias":"ceb39ff5-c793-4fc7-bdc1-e440c25b1267","region_str":"Вологодская обл, Харовский р-н","default_terminal":null},{"guid":"d119cb65-0128-11e5-80c7-00155d903d03","name":"Яскино","type":"д","coordinates":"38.211368,57.923429","country":"RU","fias":"bf081a7d-5c12-4d6e-8bf3-f7954d778850","region_str":"Ярославская обл, Некоузский р-н","default_terminal":null},{"guid":"db975d6b-0125-11e5-80c7-00155d903d03","name":"Ясково","type":"д","coordinates":"36.795901,60.9618","country":"RU","fias":"28639b86-bb6c-48b9-907d-2647a60e4e1e","region_str":"Вологодская обл, Вытегорский р-н","default_terminal":null},{"guid":"e90f180b-0128-11e5-80c7-00155d903d03","name":"Ясково","type":"д","coordinates":"37.996536,57.617459","country":"RU","fias":"243ff80f-836e-404e-bc88-14e5bfb42193","region_str":"Ярославская обл, Угличский р-н","default_terminal":null},{"guid":"7fa878bb-6e45-11ee-ae69-ac1f6b447939","name":"Ясли-сад N14","type":"снт","coordinates":"0,0","country":"RU","fias":"06bdaf97-544c-44ee-b1ef-e26f1ff49239","region_str":"Тульская обл, Узловский р-н","default_terminal":null},{"guid":"bf2d06cd-0128-11e5-80c7-00155d903d03","name":"Ясная","type":"п\/ст","coordinates":"115.798661,50.830451","country":"RU","fias":"68e54186-79d2-4bdc-a873-64e4eb93612b","region_str":"Забайкальский край, Оловяннинский р-н","default_terminal":null},{"guid":"88c6be6c-0126-11e5-80c7-00155d903d03","name":"Ясная","type":"д","coordinates":"65.36098,54.607148","country":"RU","fias":"5ade5697-d58f-4c1c-a048-48d82b69d107","region_str":"Курганская обл, Притобольный р-н","default_terminal":null},{"guid":"091b1702-635b-11ee-ae68-ac1f6b447939","name":"Ясная Каменка","type":"снт","coordinates":"0,0","country":"RU","fias":"5ffed056-f2ba-4aab-b9f5-a742235ece46","region_str":"Удмуртская Респ, Завьяловский р-н","default_terminal":null},{"guid":"06c0e59e-cd3c-11ed-ae68-ac1f6b447939","name":"Ясная поляна","type":"тер. СНТ","coordinates":"0,0","country":"RU","fias":"d0328aee-3c97-4c8d-902f-1a0137d2ec72","region_str":"Башкортостан Респ, Уфимский р-н","default_terminal":null},{"guid":"06c0f25a-cd3c-11ed-ae68-ac1f6b447939","name":"Ясная поляна","type":"тер. СНТ","coordinates":"0,0","country":"RU","fias":"4368d688-fce8-43b4-b687-c2540b442be2","region_str":"Башкортостан Респ, Уфимский р-н","default_terminal":null},{"guid":"66c6bafc-c0d8-11ee-b19d-0cc47a3455a3","name":"Ясная Поляна","type":"пгт.","coordinates":"0,0","country":"RU","fias":"226d17f5-ab28-4b82-8f30-5a7c077f5f31","region_str":"Донецкая Народная респ, Краматорск г","default_terminal":null},{"guid":"6819db56-6998-11ee-b19d-0cc47a3455a3","name":"Ясная Поляна","type":"тер.","coordinates":"0,0","country":"RU","fias":"b6fa3b9c-7b55-4d26-8df7-38b20a22e475","region_str":"Кемеровская обл, Прокопьевский р-н","default_terminal":null},{"guid":"69bfd007-67fa-11ee-b19d-0cc47a3455a3","name":"Ясная Поляна","type":"снт","coordinates":"0,0","country":"RU","fias":"5afb0698-d2fb-4ae5-a665-be601d16cdb7","region_str":"Владимирская обл, Судогодский р-н","default_terminal":null},{"guid":"6a1d15d0-0125-11e5-80c7-00155d903d03","name":"Ясная Поляна","type":"с","coordinates":"133.057265,43.797182","country":"RU","fias":"2ba87ee0-c8ba-4447-a64f-4c5f2ebc6d2e","region_str":"Приморский край, Анучинский р-н","default_terminal":null},{"guid":"6a1d1628-0125-11e5-80c7-00155d903d03","name":"Ясная Поляна","type":"с","coordinates":"134.31806,45.574437","country":"RU","fias":"cd0b7a8e-720c-41df-9611-16f5c4c7ee7d","region_str":"Приморский край, Дальнереченский р-н","default_terminal":null},{"guid":"225fbc59-7173-11ee-b19d-0cc47a3455a3","name":"Ясная поляна","type":"тер. СНТ","coordinates":"142.738041,46.959179","country":"RU","fias":"d445ad8b-f084-4826-8ce2-d0d2569f87bb","region_str":"Сахалинская обл, Южно-Сахалинск г","default_terminal":null},{"guid":"58ff87a5-0126-11e5-80c7-00155d903d03","name":"Ясная Поляна","type":"д","coordinates":"51.194835,56.859739","country":"RU","fias":"74d54796-f77f-43e1-852f-f71b4da91af6","region_str":"Кировская обл, Кильмезский р-н","default_terminal":null},{"guid":"5d242091-6bf0-11ee-b19d-0cc47a3455a3","name":"Ясная поляна","type":"тер. СНТ","coordinates":"40.791527,48.098648","country":"RU","fias":"e13ee228-be5d-4972-977a-781dc1433ff6","region_str":"Ростовская обл, Белокалитвинский р-н","default_terminal":null},{"guid":"60ce027c-c0d8-11ee-b19d-0cc47a3455a3","name":"Ясная Поляна","type":"п.","coordinates":"0,0","country":"RU","fias":"b5647a33-6219-4167-8a59-4128689166c7","region_str":"Донецкая Народная респ, Великоновоселковский р-н","default_terminal":null},{"guid":"6252b3db-8645-11ef-b1a2-0cc47a3455a3","name":"Ясная Поляна","type":"с.","coordinates":"35.751486,47.811174","country":"RU","fias":"33a2093f-85ec-4ddf-bbaf-04896eeac0f5","region_str":"Запорожская обл, Запорожский р-н","default_terminal":null},{"guid":"47141fff-0126-11e5-80c7-00155d903d03","name":"Ясная поляна","type":"снт","coordinates":"159.464195,53.863136","country":"RU","fias":"a541c155-ccfa-4723-b0fb-93ef77a8d35f","region_str":"Камчатский край, Елизовский р-н","default_terminal":null},{"guid":"4d0cf3f1-0126-11e5-80c7-00155d903d03","name":"Ясная Поляна","type":"д","coordinates":"84.537783,56.037694","country":"RU","fias":"a1bc4771-0238-4e6d-9b8c-9bd4c0698bfb","region_str":"Кемеровская обл, Юргинский р-н","default_terminal":null},{"guid":"4d863c1a-68c6-11ee-ae68-ac1f6b447939","name":"Ясная поляна","type":"тер.","coordinates":"0,0","country":"RU","fias":"8348983a-100f-4a72-99be-b00b49e17c1a","region_str":"Иркутская обл, Аларский р-н","default_terminal":null},{"guid":"0f330bbd-6bef-11ee-b19d-0cc47a3455a3","name":"Ясная поляна","type":"тер. СНТ","coordinates":"0,0","country":"RU","fias":"0bb02ab2-8840-4c3f-9b62-f4ed3422b076","region_str":"Новосибирская обл, Новосибирский р-н","default_terminal":null},{"guid":"13d23d61-7173-11ee-b19d-0cc47a3455a3","name":"Ясная поляна","type":"тер. СНТ","coordinates":"0,0","country":"RU","fias":"97d2af9e-b2e7-47c4-8759-7dee1e45509a","region_str":"Камчатский край, Елизовский р-н","default_terminal":null},{"guid":"152e2fa1-6bef-11ee-b19d-0cc47a3455a3","name":"Ясная поляна","type":"снт","coordinates":"0,0","country":"RU","fias":"fd0d5146-8c22-4fb4-b58e-237a437b9838","region_str":"Новосибирская обл, Новосибирский р-н","default_terminal":null},{"guid":"2eeeea5f-0127-11e5-80c7-00155d903d03","name":"Ясная Поляна","type":"д","coordinates":"45.803434,55.553147","country":"RU","fias":"c4298757-0a9e-49b8-96f1-372a9a13ef22","region_str":"Нижегородская обл, Пильнинский р-н","default_terminal":null},{"guid":"2eeeeab0-0127-11e5-80c7-00155d903d03","name":"Ясная Поляна","type":"сп.","coordinates":"44.766931,54.587657","country":"RU","fias":"5c9f2f81-0e48-46e8-993c-7b93e83f733c","region_str":"Нижегородская обл, Починковский р-н","default_terminal":null},{"guid":"309897b0-cd3c-11ed-ae68-ac1f6b447939","name":"Ясная Поляна","type":"тер. СНТ","coordinates":"0,0","country":"RU","fias":"3bc29f34-2a07-4c47-b892-6b925f72c51a","region_str":"Башкортостан Респ, Иглинский р-н","default_terminal":null},{"guid":"3b955680-68c6-11ee-ae68-ac1f6b447939","name":"Ясная поляна","type":"снт","coordinates":"105.400096,56.739036","country":"RU","fias":"60366d8f-7636-4138-a6fd-c6e3f7c3c8da","region_str":"Иркутская обл, Усть-Кут г","default_terminal":null},{"guid":"88c6bbf8-0126-11e5-80c7-00155d903d03","name":"Ясная Поляна","type":"с","coordinates":"62.769439,55.98432","country":"RU","fias":"3907c475-4a21-400e-8767-421e316846c5","region_str":"Курганская обл, Далматовский р-н","default_terminal":null},{"guid":"7a3b3389-8645-11ef-b1a2-0cc47a3455a3","name":"Ясная Поляна","type":"с.","coordinates":"0,0","country":"RU","fias":"01a75c6b-3382-4e34-9f73-e888fdfdaf66","region_str":"Запорожская обл, Веселовский р-н","default_terminal":null},{"guid":"7c05ed0c-0125-11e5-80c7-00155d903d03","name":"Ясная Поляна","type":"с","coordinates":"129.3332,50.498343","country":"RU","fias":"63f7ba0c-a0e5-40ff-8229-417593f9bb73","region_str":"Октябрьский р-н, Амурская обл","default_terminal":null},{"guid":"c66bcf7d-c0d8-11ee-b19d-0cc47a3455a3","name":"Ясная Поляна","type":"п.","coordinates":"0,0","country":"RU","fias":"defe1201-8530-4fda-b663-21727916e397","region_str":"Херсонская обл, Снигиревский р-н","default_terminal":null},{"guid":"c945aaf3-6cb9-11ee-ae69-ac1f6b447939","name":"Ясная поляна","type":"снт","coordinates":"0,0","country":"RU","fias":"a59c984a-2473-4ee1-b0ed-cfa96c0caff4","region_str":"Пермский край, Нытвенский р-н","default_terminal":null},{"guid":"cb1fdf19-0128-11e5-80c7-00155d903d03","name":"Ясная Поляна","type":"д","coordinates":"37.615722,58.361098","country":"RU","fias":"7c96772d-ee19-4eff-95aa-4634cadf80be","region_str":"Ярославская обл, Брейтовский р-н","default_terminal":null},{"guid":"d5e22226-68c5-11ee-ae68-ac1f6b447939","name":"Ясная Поляна","type":"тер. СНТ","coordinates":"0,0","country":"RU","fias":"aa6883d0-f705-469b-a24a-22d4092928fb","region_str":"Ивановская обл, Тейковский р-н","default_terminal":null},{"guid":"d5e22e7f-68c5-11ee-ae68-ac1f6b447939","name":"Ясная поляна","type":"тер. СНТ","coordinates":"0,0","country":"RU","fias":"5e1cad7c-91a4-4c0b-acf5-d526c7f36443","region_str":"Ивановская обл, Тейковский р-н","default_terminal":null},{"guid":"997d81d4-0126-11e5-80c7-00155d903d03","name":"Ясная Поляна","type":"с","coordinates":"34.563264,51.962105","country":"RU","fias":"349292b8-055b-4292-9ba7-6e1228f4d16b","region_str":"Курская обл, Хомутовский р-н","default_terminal":null},{"guid":"e7d13892-68c5-11ee-ae68-ac1f6b447939","name":"Ясная поляна","type":"тер. СНТ","coordinates":"0,0","country":"RU","fias":"0304e955-1ffc-462f-9c23-da7eba12a457","region_str":"Ивановская обл, Ивановский р-н","default_terminal":null},{"guid":"ba79032b-c0d8-11ee-b19d-0cc47a3455a3","name":"Ясная Поляна","type":"с.","coordinates":"0,0","country":"RU","fias":"1bef2906-6544-41f1-83ab-f75a3d5456b2","region_str":"Херсонская обл, Генический р-н","default_terminal":null},{"guid":"bc47c295-6f1e-11ee-ae69-ac1f6b447939","name":"Ясная Поляна","type":"тер. ДНТ","coordinates":"0,0","country":"RU","fias":"809dc947-ffe3-4c9d-83e3-a340add7105c","region_str":"Ярославская обл, Переславский р-н","default_terminal":null},{"guid":"c07266b6-c0d8-11ee-b19d-0cc47a3455a3","name":"Ясная Поляна","type":"с.","coordinates":"0,0","country":"RU","fias":"86e6a26f-f244-4e41-b563-045811a5ea19","region_str":"Херсонская обл, Горностаевский р-н","default_terminal":null},{"guid":"c53f3c5f-c0d8-11ee-b19d-0cc47a3455a3","name":"Ясная Поляна","type":"с.","coordinates":"0,0","country":"RU","fias":"cfa48c76-99d0-4b86-b330-e4588228220f","region_str":"Херсонская обл, Новотроицкий р-н","default_terminal":null},{"guid":"dd1cbcc3-0128-11e5-80c7-00155d903d03","name":"Ясная Поляна","type":"с","coordinates":"39.084422,58.483653","country":"RU","fias":"a4489678-2500-421f-b643-bfa3548c562b","region_str":"Ярославская обл, Пошехонский р-н","default_terminal":null},{"guid":"e1298440-6cb9-11ee-ae69-ac1f6b447939","name":"Ясная поляна","type":"тер. СНТ","coordinates":"0,0","country":"RU","fias":"ebab66f7-9148-4609-9f4c-0829f5f25305","region_str":"Пермский край, Чернушинский р-н","default_terminal":null},{"guid":"048461b1-6bf0-11ee-b19d-0cc47a3455a3","name":"Ясная поляна (заводские)","type":"снт","coordinates":"0,0","country":"RU","fias":"f7d74f21-3339-403b-91ab-fdcfe2f6b88f","region_str":"Пензенская обл, Кузнецкий р-н","default_terminal":null},{"guid":"04846079-6bf0-11ee-b19d-0cc47a3455a3","name":"Ясная поляна (педучилище)","type":"снт","coordinates":"0,0","country":"RU","fias":"39104792-ee08-41f1-8cc4-32e878a0f9ac","region_str":"Пензенская обл, Кузнецкий р-н","default_terminal":null},{"guid":"d5e23522-68c5-11ee-ae68-ac1f6b447939","name":"Ясная Поляна, 33","type":"тер. СНТ","coordinates":"0,0","country":"RU","fias":"ac79d7ea-6702-491a-b4b8-a9ff747862a0","region_str":"Ивановская обл, Тейковский р-н","default_terminal":null},{"guid":"6f95f26a-6731-11ee-ae68-ac1f6b447939","name":"Ясная поляна-1","type":"тер. СНТ","coordinates":"131.960144,43.418806","country":"RU","fias":"7d3c1cdd-e1a3-4ddb-9ba5-846e8ee0d7b4","region_str":"Приморский край, Надеждинский р-н","default_terminal":null},{"guid":"7b8862d3-6731-11ee-ae68-ac1f6b447939","name":"Ясная поляна-2","type":"тер. СНТ","coordinates":"131.960144,43.418806","country":"RU","fias":"29b9f1d3-0dfb-459f-9e0d-a52678338656","region_str":"Приморский край, Надеждинский р-н","default_terminal":null},{"guid":"cf4631d5-c0d8-11ee-b19d-0cc47a3455a3","name":"Ясная Поляна ","type":"с.","coordinates":"0,0","country":"RU","fias":"d3ba04df-7464-418d-a19e-7ccd81a07a84","region_str":"Белозерский р-н, Херсонская обл","default_terminal":null},{"guid":"599c4975-0128-11e5-80c7-00155d903d03","name":"Яснево","type":"д","coordinates":"36.926364,58.354261","country":"RU","fias":"7a5fe32a-4e23-4d20-baab-cb4655cfd7d2","region_str":"Тверская обл, Весьегонск г","default_terminal":null},{"guid":"60cdf06c-c0d8-11ee-b19d-0cc47a3455a3","name":"Яснобродовка","type":"с.","coordinates":"0,0","country":"RU","fias":"37f8b7fc-d0ce-452f-9a72-7905e91c0ddd","region_str":"Донецкая Народная респ, Ясиноватский р-н","default_terminal":null},{"guid":"66c6bb45-c0d8-11ee-b19d-0cc47a3455a3","name":"Ясногорка","type":"пгт.","coordinates":"0,0","country":"RU","fias":"3bd62af2-0a2f-4c28-9ac5-f408b18c5a3b","region_str":"Донецкая Народная респ, Краматорск г","default_terminal":null},{"guid":"9c8e395d-c0d8-11ee-b19d-0cc47a3455a3","name":"Яснодольск","type":"п.","coordinates":"0,0","country":"RU","fias":"08aa09ca-d8e1-41cf-8be1-a1c87f7a4a19","region_str":"Луганская Народная респ, Славяносербский р-н","default_terminal":null},{"guid":"8ea2d187-c0d8-11ee-b19d-0cc47a3455a3","name":"Ясное","type":"п.","coordinates":"0,0","country":"RU","fias":"00e616e8-82cf-4828-9b53-a441862cc341","region_str":"Луганская Народная респ, Лутугинский р-н","default_terminal":null},{"guid":"baf4a708-73c4-11ee-ae69-ac1f6b447939","name":"Ясное","type":"снт","coordinates":"21.0998282,54.8625997","country":"RU","fias":"8270ee70-fa34-4c39-8593-a98b8f7e8635","region_str":"Калининградская обл, Полесск г","default_terminal":null},{"guid":"ff9d447f-6737-11ee-ae68-ac1f6b447939","name":"Ясное","type":"снт","coordinates":"127.527198,50.290659","country":"RU","fias":"1d3d6ea0-ed20-4c1e-b6e4-7a13a4c2b0f5","region_str":"Амурская обл, Благовещенск г","default_terminal":null},{"guid":"6a1d14d3-0125-11e5-80c7-00155d903d03","name":"Ясное","type":"с","coordinates":"132.16054,43.453494","country":"RU","fias":"8fdd49da-dab9-48d2-bea1-3ecd8fc1bf41","region_str":"Приморский край, Артем г","default_terminal":null},{"guid":"6f95f245-6731-11ee-ae68-ac1f6b447939","name":"Ясное","type":"тер. СНТ","coordinates":"131.960144,43.418806","country":"RU","fias":"ed74be1b-9f01-4c29-8953-c9f816e3eb0c","region_str":"Приморский край, Надеждинский р-н","default_terminal":null},{"guid":"70163c45-0125-11e5-80c7-00155d903d03","name":"Ясное","type":"с","coordinates":"133.957458,43.687774","country":"RU","fias":"06719c6c-14e1-40a7-8606-6b2e268977b6","region_str":"Приморский край, Чугуевский р-н","default_terminal":null},{"guid":"2eeeeb35-0127-11e5-80c7-00155d903d03","name":"Ясное","type":"с","coordinates":"45.923988,55.254194","country":"RU","fias":"21c2febf-1253-4e76-accb-0903ef689904","region_str":"Нижегородская обл, Сеченовский р-н","default_terminal":null},{"guid":"379603cd-6d7c-11ee-b19d-0cc47a3455a3","name":"Ясное","type":"тер. ДНТ","coordinates":"0,0","country":"RU","fias":"4b59002c-b0a4-402b-9cb2-5c96c434aee0","region_str":"Свердловская обл, Сысертский р-н","default_terminal":null},{"guid":"11ed5bed-0128-11e5-80c7-00155d903d03","name":"Ясное","type":"с","coordinates":"142.713651,50.640307","country":"RU","fias":"f2e6e157-7e61-4d9b-8195-3ff43d785e61","region_str":"Сахалинская обл, Тымовский р-н","default_terminal":null},{"guid":"138bdc7d-6732-11ee-ae68-ac1f6b447939","name":"Ясное","type":"тер. СНТ","coordinates":"0,0","country":"RU","fias":"4a234676-3260-43a6-ab89-807f5cbc46f4","region_str":"Хабаровский край, Амурский р-н","default_terminal":null},{"guid":"42f0af83-c0d8-11ee-b19d-0cc47a3455a3","name":"Ясное","type":"п.","coordinates":"0,0","country":"RU","fias":"27a98758-dec3-441d-bb32-db38f3be2563","region_str":"Донецкая Народная респ, Докучаевск г","default_terminal":null},{"guid":"43eef977-6e45-11ee-ae69-ac1f6b447939","name":"Ясное НМ","type":"тер","coordinates":"0,0","country":"RU","fias":"70d292f3-de31-4ead-a8b0-001641757975","region_str":"Томская обл, Каргасокский р-н","default_terminal":null},{"guid":"11ed5b77-0128-11e5-80c7-00155d903d03","name":"Ясноморское","type":"с","coordinates":"141.912462,46.74924","country":"RU","fias":"f7c90537-b2d0-41fe-9953-e0ad28c45a0e","region_str":"Невельский р-н, Сахалинская обл","default_terminal":null},{"guid":"909aad7c-c0d8-11ee-b19d-0cc47a3455a3","name":"Яснопроминское","type":"с.","coordinates":"0,0","country":"RU","fias":"4cc7e709-88c4-4ff1-a67c-8c8ba4b27c6b","region_str":"Луганская Народная респ, Меловский р-н","default_terminal":null},{"guid":"88c6bd94-0126-11e5-80c7-00155d903d03","name":"Ясные Зори","type":"д","coordinates":"67.307234,55.139612","country":"RU","fias":"7e43bf81-bc68-4978-89e0-4f72b0499df5","region_str":"Курганская обл, Макушинский р-н","default_terminal":null},{"guid":"11ed5b1d-0128-11e5-80c7-00155d903d03","name":"Ясные поляны","type":"тер. СНТ","coordinates":"142.324205,46.381799","country":"RU","fias":"dd64da64-d2ae-4cab-ac36-5a41a61476a4","region_str":"Сахалинская обл, Анивский р-н","default_terminal":null},{"guid":"1fc543f0-7173-11ee-b19d-0cc47a3455a3","name":"Ясные поляны-5","type":"тер. СНТ","coordinates":"142.738041,46.959179","country":"RU","fias":"86255773-fbc9-477e-9164-8c3d8f2bd892","region_str":"Сахалинская обл, Южно-Сахалинск г","default_terminal":null},{"guid":"0afb44c6-6cba-11ee-ae69-ac1f6b447939","name":"Ясный","type":"кв-л","coordinates":"0,0","country":"RU","fias":"aad63c26-45a7-48af-bca7-9f5e299adf15","region_str":"Пермский край, Пермский р-н","default_terminal":null},{"guid":"30988b03-cd3c-11ed-ae68-ac1f6b447939","name":"Ясный","type":"тер. СНО","coordinates":"0,0","country":"RU","fias":"39684a75-1de8-4a64-bcaf-ec169f59ed5a","region_str":"Башкортостан Респ, Иглинский р-н","default_terminal":null},{"guid":"3b954cdd-68c6-11ee-ae68-ac1f6b447939","name":"Ясный-1","type":"снт","coordinates":"105.775672,56.792878","country":"RU","fias":"260934d9-2bfd-4ce7-85a9-ae689515dab8","region_str":"Иркутская обл, Усть-Кут г","default_terminal":null},{"guid":"444c9678-68c6-11ee-ae68-ac1f6b447939","name":"Ясный-2","type":"тер. СНТ","coordinates":"105.775672,56.792878","country":"RU","fias":"df2e5403-271d-4849-9571-51accc5b931e","region_str":"Иркутская обл, Усть-Кут г","default_terminal":null},{"guid":"0cb82f2c-cd3c-11ed-ae68-ac1f6b447939","name":"Ясный-3 АО БНЗС","type":"снт","coordinates":"0,0","country":"RU","fias":"0bf1e60c-38da-48dc-8fb8-11e9c70828eb","region_str":"Башкортостан Респ, Уфимский р-н","default_terminal":null},{"guid":"70e3aa13-0126-11e5-80c7-00155d903d03","name":"Ястребино","type":"д","coordinates":"42.967669,58.102115","country":"RU","fias":"e65abf98-fdfb-4a78-b367-ebdc0fe1fd52","region_str":"Костромская обл, Антроповский р-н","default_terminal":null},{"guid":"e81ebc50-0127-11e5-80c7-00155d903d03","name":"Ястребиновский","type":"х","coordinates":"40.652216,49.281567","country":"RU","fias":"81f9fdb2-1613-4db0-8e7f-e08c4b3c3d49","region_str":"Ростовская обл, Чертковский р-н","default_terminal":null},{"guid":"64eefb7c-6bf0-11ee-b19d-0cc47a3455a3","name":"Ястребиновский 1","type":"тер","coordinates":"40.652216,49.281567","country":"RU","fias":"df4653a6-f355-4fc8-84ae-3be45ce6e434","region_str":"Ростовская обл, Чертковский р-н","default_terminal":null},{"guid":"70e3ab00-0126-11e5-80c7-00155d903d03","name":"Ястребово","type":"д","coordinates":"41.375189,58.464698","country":"RU","fias":"e97c99b7-7815-492b-9c85-31005599e353","region_str":"Костромская обл, Буйский р-н","default_terminal":null},{"guid":"c3f36a63-6466-11ea-bbc4-00155d069402","name":"Ястребово","type":"д","coordinates":"0,0","country":"RU","fias":"432390a4-c5c8-4628-864a-4de0e73ef939","region_str":"Псковская обл, Опочецкий р-н","default_terminal":null},{"guid":"64239478-0125-11e5-80c7-00155d903d03","name":"Ястребовский косогор","type":"тер.","coordinates":"91.989973,53.738507","country":"RU","fias":"d999c90a-f388-43c6-b916-dec662bab8e9","region_str":"Красноярский край, Минусинский р-н","default_terminal":null},{"guid":"40cb3cc4-72fb-11ee-b19d-0cc47a3455a3","name":"Ястребок","type":"тер. СНТ","coordinates":"0,0","country":"RU","fias":"5ecec54a-d632-4955-bf5f-12544ee13b3d","region_str":"Московская обл, Одинцово г","default_terminal":null},{"guid":"28f5e9c2-0127-11e5-80c7-00155d903d03","name":"Ястребцово","type":"д","coordinates":"43.816307,56.611345","country":"RU","fias":"942df51d-bf49-4a60-87d8-9cd9928760f6","region_str":"Нижегородская обл, Городецкий р-н","default_terminal":null},{"guid":"ca40596d-0127-11e5-80c7-00155d903d03","name":"Ястребье","type":"д","coordinates":"27.727939,57.958317","country":"RU","fias":"2f75674b-a8c7-40ef-b086-056555a32339","region_str":"Псковская обл, Печорский р-н","default_terminal":null},{"guid":"ef0825ba-0128-11e5-80c7-00155d903d03","name":"Ясунт","type":"д","coordinates":"61.031603,64.330372","country":"RU","fias":"3a319ff1-8c09-4b22-8f8e-9086b51c976d","region_str":"Березовский р-н, Ханты-Мансийский Автономный округ - Югра АО","default_terminal":null},{"guid":"d631b003-0127-11e5-80c7-00155d903d03","name":"Яськи","type":"д","coordinates":"30.447759,55.822787","country":"RU","fias":"97508fc1-cb6b-4a44-8b2e-4640ee307787","region_str":"Псковская обл, Усвятский р-н","default_terminal":null},{"guid":"e90f1814-0128-11e5-80c7-00155d903d03","name":"Ясюнино","type":"д","coordinates":"38.527332,57.258662","country":"RU","fias":"a51ba549-938b-4303-a32b-0fb8b06cea51","region_str":"Ярославская обл, Угличский р-н","default_terminal":null},{"guid":"a90b0588-73c4-11ee-ae69-ac1f6b447939","name":"Ясюнихская","type":"тер.","coordinates":"0,0","country":"RU","fias":"d45b0b05-5500-4598-ae34-8251fb3e96fd","region_str":"Ивановская обл, Ивановский р-н","default_terminal":null},{"guid":"6aeadd51-0126-11e5-80c7-00155d903d03","name":"Ятанцы","type":"д","coordinates":"47.755815,57.867311","country":"RU","fias":"eee42d10-c87b-4e31-b2aa-f38dc28f7b59","region_str":"Кировская обл, Тужинский р-н","default_terminal":null},{"guid":"18abb507-cd3c-11ed-ae68-ac1f6b447939","name":"Ятва","type":"тер.","coordinates":"0,0","country":"RU","fias":"4cf1847f-0d00-49cb-98e1-cc50343542d6","region_str":"Башкортостан Респ, Белорецкий р-н","default_terminal":null},{"guid":"2eeeebda-0127-11e5-80c7-00155d903d03","name":"Ятово","type":"д","coordinates":"43.422207,57.304928","country":"RU","fias":"562fcef3-d475-4fa5-8ee6-5a19433595b7","region_str":"Нижегородская обл, Сокольский р-н","default_terminal":null},{"guid":"e0b7db62-0124-11e5-80c7-00155d903d03","name":"Ятыково","type":"д","coordinates":"46.222804,56.192335","country":"RU","fias":"fe5e85f0-d5b3-4ec8-87d0-6cfe33882d2b","region_str":"Марий Эл Респ, Горномарийский р-н","default_terminal":null},{"guid":"8e81dd83-0127-11e5-80c7-00155d903d03","name":"Ятыш","type":"д","coordinates":"55.264949,56.827877","country":"RU","fias":"3d908abb-6fe5-4670-aaba-d3a648fb434f","region_str":"Пермский край, Еловский р-н","default_terminal":null},{"guid":"9c11833b-cd3c-11ed-ae68-ac1f6b447939","name":"Яубуляковское кладбище","type":"тер.","coordinates":"0,0","country":"RU","fias":"6ab539b1-2c6e-443e-b59c-9af282c9464f","region_str":"Башкортостан Респ, Салаватский р-н","default_terminal":null},{"guid":"ef082753-0128-11e5-80c7-00155d903d03","name":"Яунлорское","type":"месторожд.","coordinates":"74.687819,59.714255","country":"RU","fias":"a3c6ffbc-bf6e-47bb-a427-4eb8aeb5f6e7","region_str":"Ханты-Мансийский Автономный округ - Югра АО, Сургутский р-н","default_terminal":null},{"guid":"760e307e-0125-11e5-80c7-00155d903d03","name":"Яурин","type":"ст","coordinates":"131.600809,49.342684","country":"RU","fias":"4de1c0ec-2c2f-40dc-bc06-a4b601d6bb88","region_str":"Хабаровский край, Верхнебуреинский р-н","default_terminal":null},{"guid":"88c6bf8e-0126-11e5-80c7-00155d903d03","name":"Яутла","type":"с","coordinates":"64.471576,56.645505","country":"RU","fias":"c5d95c7b-ba1d-40b0-b33e-cb2f1ae46941","region_str":"Курганская обл, Шатровский р-н","default_terminal":null},{"guid":"b0620ca3-cd3c-11ed-ae68-ac1f6b447939","name":"Яушево","type":"тер.","coordinates":"0,0","country":"RU","fias":"666ccbeb-ff5b-488a-846b-b6a6e8b56219","region_str":"Башкортостан Респ, Федоровский р-н","default_terminal":null},{"guid":"db975ee5-0125-11e5-80c7-00155d903d03","name":"Яфаново","type":"д","coordinates":"40.64282,58.881263","country":"RU","fias":"3eac66e5-fa3c-4a47-8e05-ddc1876970b4","region_str":"Вологодская обл, Грязовецкий р-н","default_terminal":null},{"guid":"ed7ffaa6-0125-11e5-80c7-00155d903d03","name":"Яфановская","type":"д","coordinates":"43.925129,60.696032","country":"RU","fias":"79b127b5-8559-4180-b3da-c5eb948be25d","region_str":"Вологодская обл, Тарногский р-н","default_terminal":null},{"guid":"6aac3aa3-0127-11e5-80c7-00155d903d03","name":"Яфарово","type":"с","coordinates":"54.219894,52.967149","country":"RU","fias":"42beb9d3-8104-4a87-9093-b3587b3f18d6","region_str":"Оренбургская обл, Александровский р-н","default_terminal":null},{"guid":"7dcf2bc3-6f1c-11ee-ae69-ac1f6b447939","name":"Яхлинское","type":"мр.","coordinates":"0,0","country":"RU","fias":"f84b4ea0-08a4-41b9-a877-ee11bd871a72","region_str":"Советский р-н, Ханты-Мансийский Автономный округ - Югра АО","default_terminal":null},{"guid":"64f21362-0126-11e5-80c7-00155d903d03","name":"Яхреньга","type":"с","coordinates":"46.914094,60.213552","country":"RU","fias":"0b41a753-f4cb-435b-b9ca-dbfc181648a0","region_str":"Кировская обл, Подосиновский р-н","default_terminal":null},{"guid":"64f212c2-0126-11e5-80c7-00155d903d03","name":"Яхреньгское","type":"с\/п","coordinates":"46.914094,60.213552","country":"RU","fias":"cc1838d2-68f0-4dd1-b62b-aae9b3bebd2f","region_str":"Кировская обл, Подосиновский р-н","default_terminal":null},{"guid":"5f95b90e-0128-11e5-80c7-00155d903d03","name":"Яхромино","type":"д","coordinates":"38.213587,57.294075","country":"RU","fias":"a1816fe0-c193-42d8-8d62-9ab42a1f30f4","region_str":"Тверская обл, Семендяевское с\/п","default_terminal":null},{"guid":"86aeec72-723a-11ee-b19d-0cc47a3455a3","name":"Яхта","type":"тер. СНТ","coordinates":"0,0","country":"RU","fias":"91b03811-9158-4a30-b799-4f95abf8d039","region_str":"Московская обл, Чехов г","default_terminal":null},{"guid":"aaf7926e-0124-11e5-80c7-00155d903d03","name":"Яхъя","type":"д","coordinates":"58.48823,55.129509","country":"RU","fias":"f5040585-a468-44a3-802c-bb3c61413a30","region_str":"Башкортостан Респ, Салаватский р-н","default_terminal":null},{"guid":"6cbf8daa-c0d8-11ee-b19d-0cc47a3455a3","name":"Яцковка","type":"с.","coordinates":"0,0","country":"RU","fias":"91de0a51-2054-4bb9-9a3a-12e2ce201303","region_str":"Донецкая Народная респ, Краснолиманский р-н","default_terminal":null},{"guid":"41b7e6ca-0128-11e5-80c7-00155d903d03","name":"Яченье","type":"д","coordinates":"31.960064,53.917506","country":"RU","fias":"d7e6d4aa-1cae-4b3d-9674-e06ec4adadc5","region_str":"Смоленская обл, Шумячский р-н","default_terminal":null},{"guid":"88c6bf38-0126-11e5-80c7-00155d903d03","name":"Ячменево","type":"д","coordinates":"63.270178,56.134541","country":"RU","fias":"fb3a9671-e5a2-4c4c-a2d5-a3a74bf268fd","region_str":"Курганская обл, Шадринский р-н","default_terminal":null},{"guid":"ca40596e-0127-11e5-80c7-00155d903d03","name":"Ячменево","type":"д","coordinates":"27.73809,57.928968","country":"RU","fias":"8d4465b2-b067-4126-a48e-114f450aa5d8","region_str":"Псковская обл, Печорский р-н","default_terminal":null},{"guid":"174da136-0126-11e5-80c7-00155d903d03","name":"Ячмень","type":"с","coordinates":"43.132626,56.91205","country":"RU","fias":"54627260-8454-47d4-aa48-bcef4f302393","region_str":"Ивановская обл, Пучежский р-н","default_terminal":null},{"guid":"cecdd8a9-0124-11e5-80c7-00155d903d03","name":"Яшалта","type":"с","coordinates":"42.273424,46.338637","country":"RU","fias":"94aa8a79-1924-4f9b-91d0-9d13bdefef3d","region_str":"Калмыкия Респ, Яшалтинский р-н","default_terminal":null},{"guid":"cecddaa7-0124-11e5-80c7-00155d903d03","name":"Яшезеро","type":"д","coordinates":"34.951813,61.325387","country":"RU","fias":"00631a3d-9ec8-461e-9ecd-f899a05bb963","region_str":"Карелия Респ, Прионежский р-н","default_terminal":null},{"guid":"cecddabf-0124-11e5-80c7-00155d903d03","name":"Яшезеро","type":"д","coordinates":"34.951813,61.325387","country":"RU","fias":"00631a3d-9ec8-461e-9ecd-f899a05bb963","region_str":"Карелия Респ, Прионежский р-н","default_terminal":null},{"guid":"37c3f164-61d0-11ee-ae68-ac1f6b447939","name":"Яшельча","type":"тер","coordinates":"0,0","country":"RU","fias":"dd1bfbf2-1041-4f7b-aedf-0c7873a9fc59","region_str":"Татарстан Респ, Камско-Устьинский р-н","default_terminal":null},{"guid":"d723ff87-0128-11e5-80c7-00155d903d03","name":"Яшканово","type":"д","coordinates":"40.016955,58.629653","country":"RU","fias":"24aff928-20cd-44f5-9667-f57333f51f5c","region_str":"Ярославская обл, Первомайский р-н","default_terminal":null},{"guid":"db975dad-0125-11e5-80c7-00155d903d03","name":"Яшково","type":"д","coordinates":"36.187329,61.011439","country":"RU","fias":"6a8edb22-0ede-4a4b-88da-8ff7bf51ea36","region_str":"Вологодская обл, Вытегорский р-н","default_terminal":null},{"guid":"cb1fde73-0128-11e5-80c7-00155d903d03","name":"Яшкурово","type":"д","coordinates":"38.733702,57.184397","country":"RU","fias":"0c18921e-abb0-44a9-b630-27a1832dbdbf","region_str":"Ярославская обл, Борисоглебский р-н","default_terminal":null},{"guid":"e0b7db63-0124-11e5-80c7-00155d903d03","name":"Яшмолкино","type":"д","coordinates":"46.217917,56.191408","country":"RU","fias":"b2bae33b-90c4-4723-9119-ee3f997d94c6","region_str":"Марий Эл Респ, Горномарийский р-н","default_terminal":null},{"guid":"f9719c7a-0125-11e5-80c7-00155d903d03","name":"Яшнево","type":"д","coordinates":"38.182891,58.91248","country":"RU","fias":"da8efee3-0762-4618-99d9-78a4e5ad1e6a","region_str":"Вологодская обл, Череповецкий р-н","default_terminal":null},{"guid":"d037e231-0127-11e5-80c7-00155d903d03","name":"Яшутино","type":"д","coordinates":"27.930293,56.961953","country":"RU","fias":"5b315c7c-8acf-4585-be42-22520aa13683","region_str":"Псковская обл, Пыталовский р-н","default_terminal":null},{"guid":"1fdca127-61d0-11ee-ae68-ac1f6b447939","name":"Яшь Куч","type":"тер","coordinates":"0,0","country":"RU","fias":"8e690d31-dcd4-4ea0-a332-bb91f78645d0","region_str":"Татарстан Респ, Елабужский р-н","default_terminal":null},{"guid":"96973533-c0d8-11ee-b19d-0cc47a3455a3","name":"Ящиково","type":"пгт.","coordinates":"0,0","country":"RU","fias":"103f7016-abe3-4d6d-bad3-2635882e59da","region_str":"Луганская Народная респ, Перевальский р-н","default_terminal":null},{"guid":"887e9282-6f1b-11ee-ae69-ac1f6b447939","name":"№ 1","type":"тер.","coordinates":"0,0","country":"RU","fias":"4caa9825-a18c-423d-ade3-128732cd9e4d","region_str":"Челябинская обл, Нязепетровский р-н","default_terminal":null},{"guid":"94b5cbad-73c4-11ee-ae69-ac1f6b447939","name":"№ 1","type":"зона","coordinates":"0,0","country":"RU","fias":"79ff6b83-1ef5-436c-a0f7-2de36a5e45df","region_str":"Воронежская обл, Новоусманский р-н","default_terminal":null},{"guid":"78b32d7c-c0d8-11ee-b19d-0cc47a3455a3","name":"№ 1","type":"тер. СНТ","coordinates":"0,0","country":"RU","fias":"b6027223-10a2-4846-8c78-29c4957e5d8c","region_str":"Луганская Народная респ, Луганск г","default_terminal":null},{"guid":"4220e9cf-635b-11ee-ae68-ac1f6b447939","name":"№ 1","type":"тер.","coordinates":"0,0","country":"RU","fias":"55962bfd-27b4-43f5-a49f-662f42612f20","region_str":"Алтайский р-н, Хакасия Респ","default_terminal":null},{"guid":"6252b9c4-8645-11ef-b1a2-0cc47a3455a3","name":"№ 1","type":"тер. СНТ","coordinates":"0,0","country":"RU","fias":"6e19a95e-4052-4940-99d2-ed45f9b0450d","region_str":"Запорожская обл, Запорожский р-н","default_terminal":null},{"guid":"25c2c17f-7173-11ee-b19d-0cc47a3455a3","name":"№ 106 Радость","type":"тер. ТСН","coordinates":"0,0","country":"RU","fias":"cb2efdfc-df34-4b6f-bc86-719e6df0b543","region_str":"Забайкальский край, Читинский р-н","default_terminal":null},{"guid":"16ec03d7-6cba-11ee-ae69-ac1f6b447939","name":"№ 127 Лесная поляна","type":"тер. ТСН","coordinates":"0,0","country":"RU","fias":"f42208ab-e5cd-4b5c-b7ef-1af8c2b9dbe3","region_str":"Пермский край, Пермский р-н","default_terminal":null},{"guid":"4220ea96-635b-11ee-ae68-ac1f6b447939","name":"№ 2","type":"тер.","coordinates":"0,0","country":"RU","fias":"1b2feb5e-b838-4bd7-8d54-ee2543ae5a6a","region_str":"Алтайский р-н, Хакасия Респ","default_terminal":null},{"guid":"94b5ccaa-73c4-11ee-ae69-ac1f6b447939","name":"№ 2","type":"зона","coordinates":"0,0","country":"RU","fias":"ecb53480-8003-45e5-97bb-e6794889abfd","region_str":"Воронежская обл, Новоусманский р-н","default_terminal":null},{"guid":"dbeee0cf-67f9-11ee-b19d-0cc47a3455a3","name":"№ 2","type":"тер.","coordinates":"0,0","country":"RU","fias":"ed5b2b54-bf24-4445-8acb-71e0d05a77a4","region_str":"Астраханская обл, Ахтубинский р-н","default_terminal":null},{"guid":"c1107fd0-6d7c-11ee-b19d-0cc47a3455a3","name":"№ 22 ОВД","type":"тер. СНТ","coordinates":"0,0","country":"RU","fias":"ba0ef6d2-30f3-44b0-98dd-ce1aeb29e6ba","region_str":"Свердловская обл, Туринский р-н","default_terminal":null},{"guid":"ef9aac49-6cb9-11ee-ae69-ac1f6b447939","name":"№ 27","type":"тер. СНТ","coordinates":"0,0","country":"RU","fias":"a290cc95-f1d7-43a3-aa02-9e8df9490e10","region_str":"Пермский край, Кунгурский р-н","default_terminal":null},{"guid":"f212ceba-6cb9-11ee-ae69-ac1f6b447939","name":"№ 28 Пермкомбанка","type":"тер. СНТ","coordinates":"0,0","country":"RU","fias":"b22a9db9-0dd5-4eaa-9e58-86d16f75eef7","region_str":"Пермский край, Кунгурский р-н","default_terminal":null},{"guid":"94b5cdb9-73c4-11ee-ae69-ac1f6b447939","name":"№ 3","type":"зона","coordinates":"0,0","country":"RU","fias":"6fb14624-d28e-4098-8205-9f199c854d24","region_str":"Воронежская обл, Новоусманский р-н","default_terminal":null},{"guid":"4220eab8-635b-11ee-ae68-ac1f6b447939","name":"№ 3","type":"тер.","coordinates":"0,0","country":"RU","fias":"241c345f-ac4e-4cee-9eeb-6e9986b74f79","region_str":"Алтайский р-н, Хакасия Респ","default_terminal":null},{"guid":"4220f323-635b-11ee-ae68-ac1f6b447939","name":"№ 4","type":"тер.","coordinates":"0,0","country":"RU","fias":"1b7fe85c-534f-4a67-ad4c-bb75be795efd","region_str":"Алтайский р-н, Хакасия Респ","default_terminal":null},{"guid":"44e1d708-635b-11ee-ae68-ac1f6b447939","name":"№ 4","type":"тер.","coordinates":"0,0","country":"RU","fias":"ff6c9cd6-7adb-4b6e-bf58-0f6c84ce73ac","region_str":"Алтайский р-н, Хакасия Респ","default_terminal":null},{"guid":"11ed5c25-0128-11e5-80c7-00155d903d03","name":"№ 4","type":"тер. СНТ","coordinates":"142.080761,47.214795","country":"RU","fias":"4b858280-cd18-4021-8757-9b037264c636","region_str":"Холмский р-н, Сахалинская обл","default_terminal":null},{"guid":"94b5ceb6-73c4-11ee-ae69-ac1f6b447939","name":"№ 4","type":"зона","coordinates":"0,0","country":"RU","fias":"ee74ee24-a1de-4180-ac95-0cc7c4bbde88","region_str":"Воронежская обл, Новоусманский р-н","default_terminal":null},{"guid":"9849ec9a-73c4-11ee-ae69-ac1f6b447939","name":"№ 4","type":"зона","coordinates":"0,0","country":"RU","fias":"10a705c7-a1df-4c27-9603-3a9ac3e62dcc","region_str":"Воронежская обл, Каменский р-н","default_terminal":null},{"guid":"ef9ab412-6cb9-11ee-ae69-ac1f6b447939","name":"№ 4 Турбобур","type":"тер. СНТ","coordinates":"0,0","country":"RU","fias":"b89140ec-cf9b-4ff5-80d5-065dfde4b128","region_str":"Пермский край, Кунгурский р-н","default_terminal":null},{"guid":"5eb9925a-0127-11e5-80c7-00155d903d03","name":"№ 45","type":"ж\/д п.п.","coordinates":"71.205743,55.552184","country":"RU","fias":"48f7e861-ec98-4be2-8779-1241cf18a528","region_str":"Омская обл, Называевский р-н","default_terminal":null},{"guid":"5eb9925b-0127-11e5-80c7-00155d903d03","name":"№ 46","type":"ж\/д п.п.","coordinates":"71.205743,55.552184","country":"RU","fias":"873b44f6-194b-4543-beb6-0aa89c735e24","region_str":"Омская обл, Называевский р-н","default_terminal":null},{"guid":"5eb9925d-0127-11e5-80c7-00155d903d03","name":"№ 48","type":"ж\/д п.п.","coordinates":"71.205743,55.552184","country":"RU","fias":"7e219049-c290-4cd0-bfe0-ac9f2f2d622f","region_str":"Омская обл, Называевский р-н","default_terminal":null},{"guid":"94b5cfb3-73c4-11ee-ae69-ac1f6b447939","name":"№ 5","type":"зона","coordinates":"0,0","country":"RU","fias":"3260a590-ae1a-402b-b4e9-be9bcca1afe1","region_str":"Воронежская обл, Новоусманский р-н","default_terminal":null},{"guid":"df2fc4b0-67f9-11ee-b19d-0cc47a3455a3","name":"№ 5","type":"тер.","coordinates":"0,0","country":"RU","fias":"b4458b68-ff59-4e8a-a07f-4a040e9accde","region_str":"Астраханская обл, Ахтубинский р-н","default_terminal":null},{"guid":"9849ecd1-73c4-11ee-ae69-ac1f6b447939","name":"№ 5","type":"зона","coordinates":"0,0","country":"RU","fias":"9f9725d5-4f38-4eee-8c72-71bf69bb8553","region_str":"Воронежская обл, Каменский р-н","default_terminal":null},{"guid":"d2344941-67f9-11ee-b19d-0cc47a3455a3","name":"№ 5 АстраханьНИПИгаз","type":"тер. СНТ","coordinates":"0,0","country":"RU","fias":"00d9eea3-7771-4cdf-8585-89bcb51965bf","region_str":"Астраханская обл, Приволжский р-н","default_terminal":null},{"guid":"14c9b513-6cba-11ee-ae69-ac1f6b447939","name":"№ 52 Турбобур","type":"тер. СНТ","coordinates":"0,0","country":"RU","fias":"4e47978b-f968-4972-973c-a8b23ac67596","region_str":"Пермский край, Кунгурский р-н","default_terminal":null},{"guid":"10f2a8de-6cba-11ee-ae69-ac1f6b447939","name":"№ 52 Черемушки","type":"тер. СНТ","coordinates":"0,0","country":"RU","fias":"0c101396-5b18-4d0a-9987-a1034c7d6966","region_str":"Пермский край, Пермский р-н","default_terminal":null},{"guid":"94b5d0d4-73c4-11ee-ae69-ac1f6b447939","name":"№ 6","type":"зона","coordinates":"0,0","country":"RU","fias":"ef57d09f-1bed-4ebf-b45b-b892b67c10b0","region_str":"Воронежская обл, Новоусманский р-н","default_terminal":null},{"guid":"ae03c466-cd3c-11ed-ae68-ac1f6b447939","name":"№ 6","type":"тер. СНТ","coordinates":"0,0","country":"RU","fias":"8acbf2eb-b786-486f-abf8-6e1462178f33","region_str":"Башкортостан Респ, Учалинский р-н","default_terminal":null},{"guid":"94b5d1e3-73c4-11ee-ae69-ac1f6b447939","name":"№ 7","type":"зона","coordinates":"0,0","country":"RU","fias":"ca5e95cd-43e4-4b8e-9339-b3511622c8a5","region_str":"Воронежская обл, Новоусманский р-н","default_terminal":null},{"guid":"77f3d577-642c-11ee-b19d-0cc47a3455a3","name":"№ 7С","type":"тер. ГСК","coordinates":"87.791796,68.094354","country":"RU","fias":"3b14863f-4194-4016-8ee9-24171152c109","region_str":"Красноярский край, Норильск г","default_terminal":null},{"guid":"9c1c010b-73c4-11ee-ae69-ac1f6b447939","name":"№ 8","type":"зона","coordinates":"0,0","country":"RU","fias":"4b15bf82-d12d-476e-a637-1dd46730a748","region_str":"Воронежская обл, Новоусманский р-н","default_terminal":null},{"guid":"e7dfaedf-67f9-11ee-b19d-0cc47a3455a3","name":"№ 9","type":"тер.","coordinates":"0,0","country":"RU","fias":"ad2c7456-4747-4a40-88a7-7e986e038eee","region_str":"Астраханская обл, Ахтубинский р-н","default_terminal":null},{"guid":"9849e82a-73c4-11ee-ae69-ac1f6b447939","name":"№1","type":"зона","coordinates":"0,0","country":"RU","fias":"9536ebd4-bb1f-457d-abba-ff1e85bedfb8","region_str":"Воронежская обл, Каменский р-н","default_terminal":null},{"guid":"984a039f-73c4-11ee-ae69-ac1f6b447939","name":"№1","type":"тер.","coordinates":"0,0","country":"RU","fias":"9aa923d0-3e08-4104-b145-2d62fb2dc21a","region_str":"Воронежская обл, Кантемировский р-н","default_terminal":null},{"guid":"984a0be3-73c4-11ee-ae69-ac1f6b447939","name":"№1","type":"тер.","coordinates":"0,0","country":"RU","fias":"b7e4cf52-d223-40a1-ba42-289f126bf336","region_str":"Воронежская обл, Россошанский р-н","default_terminal":null},{"guid":"9d00ff2f-73c4-11ee-ae69-ac1f6b447939","name":"№1","type":"зона","coordinates":"0,0","country":"RU","fias":"db35dc6e-041f-4140-9d8f-81715c33ae08","region_str":"Воронежская обл, Новоусманский р-н","default_terminal":null},{"guid":"92469671-73c4-11ee-ae69-ac1f6b447939","name":"№1","type":"тер.","coordinates":"0,0","country":"RU","fias":"f9e14b96-1b1d-4029-8100-cce42b056b8a","region_str":"Воронежская обл, Россошанский р-н","default_terminal":null},{"guid":"95b2ab10-73c4-11ee-ae69-ac1f6b447939","name":"№1","type":"тер.","coordinates":"0,0","country":"RU","fias":"a3923ef6-4284-4b77-bb01-01ab38392572","region_str":"Воронежская обл, Кантемировский р-н","default_terminal":null},{"guid":"95b2b368-73c4-11ee-ae69-ac1f6b447939","name":"№1","type":"тер.","coordinates":"0,0","country":"RU","fias":"4587a56b-f722-4972-8681-b794553d4286","region_str":"Воронежская обл, Кантемировский р-н","default_terminal":null},{"guid":"970a3353-73c4-11ee-ae69-ac1f6b447939","name":"№1","type":"зона","coordinates":"0,0","country":"RU","fias":"4b765fdd-00bf-4771-83dc-eb49a97a832d","region_str":"Воронежская обл, Новоусманский р-н","default_terminal":null},{"guid":"7b885b48-6731-11ee-ae68-ac1f6b447939","name":"№1","type":"тер.","coordinates":"0,0","country":"RU","fias":"01d0d872-0706-4a33-960e-fdd9c25a4096","region_str":"Приморский край, Анучинский р-н","default_terminal":null},{"guid":"69b5f8d0-73c4-11ee-ae69-ac1f6b447939","name":"№10","type":"зона","coordinates":"0,0","country":"RU","fias":"a677ef1d-fef6-44bb-8871-2dc961f15078","region_str":"Воронежская обл, Новоусманский р-н","default_terminal":null},{"guid":"10f2a838-6cba-11ee-ae69-ac1f6b447939","name":"№127 Уральские зори","type":"снт","coordinates":"0,0","country":"RU","fias":"166b472f-a711-48fd-b15e-fd7f623902ef","region_str":"Пермский край, Пермский р-н","default_terminal":null},{"guid":"7b885bb7-6731-11ee-ae68-ac1f6b447939","name":"№2","type":"тер.","coordinates":"0,0","country":"RU","fias":"d515ba7b-a4fc-4fe1-bea3-6c26261572fb","region_str":"Приморский край, Анучинский р-н","default_terminal":null},{"guid":"c7706257-6bee-11ee-b19d-0cc47a3455a3","name":"№2","type":"тер.СОСН","coordinates":"43.816666,57.125522","country":"RU","fias":"99847ae8-f032-428b-a6d9-2b97409a3039","region_str":"Нижегородская обл, Ковернинский р-н","default_terminal":null},{"guid":"9849ebe3-73c4-11ee-ae69-ac1f6b447939","name":"№2","type":"зона","coordinates":"0,0","country":"RU","fias":"e9ef3aac-f793-4ba3-bcda-1d78da2a4f18","region_str":"Воронежская обл, Каменский р-н","default_terminal":null},{"guid":"984a06ba-73c4-11ee-ae69-ac1f6b447939","name":"№2","type":"тер.","coordinates":"0,0","country":"RU","fias":"1bc9ae43-2ce9-46d6-985a-048ff33d0c10","region_str":"Воронежская обл, Кантемировский р-н","default_terminal":null},{"guid":"9a489989-73c4-11ee-ae69-ac1f6b447939","name":"№2","type":"тер.","coordinates":"0,0","country":"RU","fias":"315a10ea-bf34-4385-92fb-21098eaa63a9","region_str":"Воронежская обл, Кантемировский р-н","default_terminal":null},{"guid":"9d00ff42-73c4-11ee-ae69-ac1f6b447939","name":"№2","type":"зона","coordinates":"0,0","country":"RU","fias":"6f2d6176-8160-450c-88f6-2e1945bf9368","region_str":"Воронежская обл, Новоусманский р-н","default_terminal":null},{"guid":"970a3462-73c4-11ee-ae69-ac1f6b447939","name":"№2","type":"зона","coordinates":"0,0","country":"RU","fias":"76cf5c75-15cd-47ba-b1ad-d2a408827729","region_str":"Воронежская обл, Новоусманский р-н","default_terminal":null},{"guid":"970a354d-73c4-11ee-ae69-ac1f6b447939","name":"№3","type":"зона","coordinates":"0,0","country":"RU","fias":"b7577948-c3aa-482c-9943-b8958e5209ca","region_str":"Воронежская обл, Новоусманский р-н","default_terminal":null},{"guid":"c770627d-6bee-11ee-b19d-0cc47a3455a3","name":"№3","type":"тер.СОСН","coordinates":"43.816666,57.125522","country":"RU","fias":"cb0fdf57-7a3e-4255-b4bf-0e375b2904ba","region_str":"Нижегородская обл, Ковернинский р-н","default_terminal":null},{"guid":"9849ec63-73c4-11ee-ae69-ac1f6b447939","name":"№3","type":"зона","coordinates":"0,0","country":"RU","fias":"ebe674fd-ef0a-45e7-a4af-3972a51709fc","region_str":"Воронежская обл, Каменский р-н","default_terminal":null},{"guid":"9d00ff55-73c4-11ee-ae69-ac1f6b447939","name":"№3","type":"зона","coordinates":"0,0","country":"RU","fias":"63733814-9992-4201-8774-6c52ba2f1216","region_str":"Воронежская обл, Новоусманский р-н","default_terminal":null},{"guid":"69b5f058-73c4-11ee-ae69-ac1f6b447939","name":"№3","type":"зона","coordinates":"0,0","country":"RU","fias":"8021dbaa-3a12-47a6-8436-bf913142b97f","region_str":"Воронежская обл, Новоусманский р-н","default_terminal":null},{"guid":"42f0ad03-c0d8-11ee-b19d-0cc47a3455a3","name":"№3","type":"мкр.","coordinates":"0,0","country":"RU","fias":"c8738ca4-5617-4576-98ee-f38f0bc9b32f","region_str":"Донецк респ, Ясиноватая г","default_terminal":null},{"guid":"69b5f264-73c4-11ee-ae69-ac1f6b447939","name":"№4","type":"зона","coordinates":"0,0","country":"RU","fias":"7fe44b31-3a1f-482d-b264-6c1b71bd5574","region_str":"Воронежская обл, Новоусманский р-н","default_terminal":null},{"guid":"9d00ff68-73c4-11ee-ae69-ac1f6b447939","name":"№4","type":"зона","coordinates":"0,0","country":"RU","fias":"dca7c1a2-c5a5-4978-b9a1-b0587734efd0","region_str":"Воронежская обл, Новоусманский р-н","default_terminal":null},{"guid":"970a3680-73c4-11ee-ae69-ac1f6b447939","name":"№4","type":"зона","coordinates":"0,0","country":"RU","fias":"2661c65b-d2a9-41ab-94ae-0d4cdab678e0","region_str":"Воронежская обл, Новоусманский р-н","default_terminal":null},{"guid":"970a37c5-73c4-11ee-ae69-ac1f6b447939","name":"№5","type":"зона","coordinates":"0,0","country":"RU","fias":"3881e5af-e468-4329-8e54-e503b750429f","region_str":"Воронежская обл, Новоусманский р-н","default_terminal":null},{"guid":"69b5f57f-73c4-11ee-ae69-ac1f6b447939","name":"№5","type":"зона","coordinates":"0,0","country":"RU","fias":"0af8c632-cf8f-4ccf-b046-75df3e7675b9","region_str":"Воронежская обл, Новоусманский р-н","default_terminal":null},{"guid":"69b5faca-73c4-11ee-ae69-ac1f6b447939","name":"№6","type":"зона","coordinates":"0,0","country":"RU","fias":"63731410-7d62-47a7-bafb-8439c6ed6453","region_str":"Воронежская обл, Новоусманский р-н","default_terminal":null},{"guid":"970a390a-73c4-11ee-ae69-ac1f6b447939","name":"№6","type":"зона","coordinates":"0,0","country":"RU","fias":"66d16d1e-4634-4a0d-89ef-1ebf7d5699fa","region_str":"Воронежская обл, Новоусманский р-н","default_terminal":null},{"guid":"970a3a19-73c4-11ee-ae69-ac1f6b447939","name":"№7","type":"зона","coordinates":"0,0","country":"RU","fias":"5c969ee4-b8fe-4313-93f9-5c45fef271d1","region_str":"Воронежская обл, Новоусманский р-н","default_terminal":null},{"guid":"69b5f79d-73c4-11ee-ae69-ac1f6b447939","name":"№7","type":"зона","coordinates":"0,0","country":"RU","fias":"20a9d613-faf1-438d-8176-47372fdc34d1","region_str":"Воронежская обл, Новоусманский р-н","default_terminal":null},{"guid":"10f29aee-6cba-11ee-ae69-ac1f6b447939","name":"№7 Елочка","type":"тер. СНТ","coordinates":"0,0","country":"RU","fias":"65551f02-ba3e-46e8-bc7a-08f6db0e95a2","region_str":"Пермский край, Пермский р-н","default_terminal":null},{"guid":"69b5f68e-73c4-11ee-ae69-ac1f6b447939","name":"№8","type":"зона","coordinates":"0,0","country":"RU","fias":"60c87f36-1009-4da2-b756-14097e69ad19","region_str":"Воронежская обл, Новоусманский р-н","default_terminal":null},{"guid":"970a3b16-73c4-11ee-ae69-ac1f6b447939","name":"№8","type":"зона","coordinates":"0,0","country":"RU","fias":"82a4b82a-47e7-4bcf-a38f-d75bf68e08dc","region_str":"Воронежская обл, Новоусманский р-н","default_terminal":null},{"guid":"970a5188-73c4-11ee-ae69-ac1f6b447939","name":"№9","type":"зона","coordinates":"0,0","country":"RU","fias":"13e57f4c-38cd-4771-b36d-ba2cd2df07f8","region_str":"Воронежская обл, Новоусманский р-н","default_terminal":null},{"guid":"69b5fbeb-73c4-11ee-ae69-ac1f6b447939","name":"№9","type":"зона","coordinates":"0,0","country":"RU","fias":"18dbb832-d7df-4e20-b482-8ecfb91489d6","region_str":"Воронежская обл, Новоусманский р-н","default_terminal":null}]